date,employment_level_thousands,average_weekly_hours,real_average_hourly_earnings_1982_84_dollars,job_openings_rate_pct,hires_rate_pct,quits_rate_pct,layoffs_discharges_rate_pct,business_application_intensity_per_10000_employees,high_propensity_application_share,planned_wage_application_share,node_id,node_name
2010-01-01,666.0,43.4,12.40988008533804,1.2,3.5,1.2,1.4,9.45945945945946,0.3476190476190476,0.21428571428571427,N01,Mining and Logging
2010-01-01,5580.0,37.5,11.550062532185684,1.0,5.5,1.8,4.8,34.17921146953405,0.6780096476510067,0.2468540268456376,N02,Construction
2010-01-01,11447.0,39.9,10.639667475906716,1.3,2.0,0.7,1.2,4.011531405608456,0.514808362369338,0.27656794425087106,N03,Manufacturing
2010-01-01,24433.0,34.1,8.975207827558302,1.8,3.2,1.4,1.3,18.7009372569885,0.45791385800577783,0.21104350871049637,N04,"Trade, Transportation, and Utilities"
2010-01-01,2739.0,36.6,13.74328698594865,3.0,2.3,0.5,1.3,17.155896312522817,0.34220046818472016,0.1732283464566929,N05,Information
2010-01-01,7733.0,36.8,12.386890311189584,2.2,2.1,1.1,0.8,26.73994568731411,0.3276912660798917,0.13342683044781894,N06,Financial Activities
2010-01-01,16627.0,35.4,12.48344736261311,2.7,4.6,2.0,2.3,27.550971311721895,0.39741098910694406,0.1948961994367919,N07,Professional and Business Services
2010-01-01,19829.0,32.8,10.299418818509526,3.0,2.3,1.2,0.9,8.931867466841494,0.6187115352041105,0.278696855061826,N08,Private Education and Health Services
2010-01-01,12932.0,25.6,6.0371146913852725,2.1,5.1,2.9,2.1,14.52443550881534,0.6977053718788266,0.36607570675610923,N09,Leisure and Hospitality
2010-01-01,5325.0,31.8,9.214301478702273,2.8,3.0,1.3,1.6,37.35586854460094,0.2783028353106777,0.1956062738789463,N10,Other Services
2010-02-01,674.0,43.0,12.499942470809689,1.9,3.6,1.1,1.2,8.560830860534125,0.31542461005199307,0.21143847487001732,N01,Mining and Logging
2010-02-01,5500.0,36.5,11.620896442855104,1.3,5.1,1.5,4.7,33.97090909090909,0.6795654035538429,0.2473239135088846,N02,Construction
2010-02-01,11439.0,39.6,10.691224727426697,1.4,2.2,0.9,1.3,4.005594894658624,0.5237887385421214,0.28219118288956785,N03,Manufacturing
2010-02-01,24421.0,33.9,8.988360694216246,1.9,3.2,1.7,1.3,18.755169730969246,0.4702414741714336,0.21507794419457665,N04,"Trade, Transportation, and Utilities"
2010-02-01,2737.0,36.5,13.866836032602942,2.7,2.0,1.0,0.8,17.369382535622947,0.3443416070677324,0.1743794699200673,N05,Information
2010-02-01,7726.0,36.8,12.430907442436293,1.9,2.2,1.1,0.9,26.555785658814393,0.32178193693035045,0.13101330603889458,N06,Financial Activities
2010-02-01,16646.0,35.1,12.550568158283513,2.5,4.6,1.9,2.3,27.923825543674155,0.3931199173873758,0.18996600834731725,N07,Professional and Business Services
2010-02-01,19843.0,32.7,10.350651920784605,2.6,2.4,1.2,0.9,8.803608325354029,0.6403343064857748,0.2782071097372488,N08,Private Education and Health Services
2010-02-01,12927.0,25.7,6.024456809385081,2.0,4.7,2.9,1.7,14.812408138005724,0.690672655107583,0.3560685189053687,N09,Leisure and Hospitality
2010-02-01,5317.0,31.6,9.250693802035153,2.9,2.9,1.3,1.7,37.872860635696824,0.27928688483885383,0.19431891542930924,N10,Other Services
2010-03-01,681.0,43.3,12.486600138944482,1.7,3.4,1.1,1.2,9.060205580029368,0.34035656401944897,0.19286871961102106,N01,Mining and Logging
2010-03-01,5537.0,37.3,11.580240438365239,1.5,7.5,1.5,4.7,33.734874480765754,0.6770705069864553,0.24846083837464533,N02,Construction
2010-03-01,11439.0,40.0,10.655477495134642,1.4,2.2,0.8,1.3,4.030946761080514,0.5222294513120798,0.27304272392105833,N03,Manufacturing
2010-03-01,24467.0,34.0,9.003786467175516,2.0,3.7,1.7,1.7,19.011321371643437,0.46372138019993553,0.20984628614425455,N04,"Trade, Transportation, and Utilities"
2010-03-01,2719.0,36.6,13.87144414845896,1.9,2.0,1.7,0.9,17.76756160353071,0.3475470916994411,0.17739598426826744,N05,Information
2010-03-01,7709.0,37.0,12.458995274967448,2.1,2.0,1.0,0.9,26.740173822804515,0.32245076161831765,0.12831085669933054,N06,Financial Activities
2010-03-01,16629.0,35.3,12.505003381595836,2.3,4.7,2.1,2.2,27.551867219917014,0.39780862580757814,0.19547756242360748,N07,Professional and Business Services
2010-03-01,19896.0,32.7,10.356424802050121,2.6,2.6,1.2,0.9,8.909328508242863,0.6185264583098273,0.2819587047275189,N08,Private Education and Health Services
2010-03-01,12943.0,25.7,6.022461157655979,1.8,5.2,2.8,2.0,15.060650544695974,0.6895295747191299,0.3628995023854717,N09,Leisure and Hospitality
2010-03-01,5328.0,31.5,9.25223024296881,2.5,3.2,1.6,1.2,37.88475975975976,0.27966311617537776,0.1918751548179341,N10,Other Services
2010-04-01,687.0,43.6,12.483728375413405,2.4,3.4,1.1,1.1,9.053857350800582,0.34726688102893893,0.2202572347266881,N01,Mining and Logging
2010-04-01,5553.0,38.1,11.545378858617408,1.5,6.5,1.1,4.7,34.75958941112912,0.6672365557973267,0.24272096155838774,N02,Construction
2010-04-01,11475.0,40.2,10.676025629821115,1.5,2.4,0.8,1.2,4.042701525054467,0.5281310627290364,0.2817417546885105,N03,Manufacturing
2010-04-01,24469.0,34.2,8.997115955161613,1.8,3.3,1.8,1.3,19.102129224733336,0.4630624077362487,0.20844654585909586,N04,"Trade, Transportation, and Utilities"
2010-04-01,2714.0,36.6,13.863654135407517,2.6,1.8,0.9,0.8,17.538688282977155,0.3329831932773109,0.1707983193277311,N05,Information
2010-04-01,7711.0,36.9,12.502127385546657,2.8,2.4,1.2,0.8,26.42199455323564,0.3174634337881614,0.12780995386276628,N06,Financial Activities
2010-04-01,16721.0,35.4,12.506727138079974,3.0,4.8,2.1,2.1,28.058728544943484,0.39194748172304283,0.18856704392863993,N07,Professional and Business Services
2010-04-01,19907.0,32.7,10.409239982888922,2.5,2.4,1.4,0.8,9.159089767418497,0.6235397356441617,0.2705533922009543,N08,Private Education and Health Services
2010-04-01,12979.0,25.7,6.007276808507703,2.1,5.2,2.8,1.9,15.343246783265274,0.6975494626895651,0.3607512302902481,N09,Leisure and Hospitality
2010-04-01,5335.0,31.6,9.259301849560494,3.6,2.9,1.5,1.0,37.77694470477976,0.27934901260295725,0.18710925870794878,N10,Other Services
2010-05-01,696.0,43.5,12.527037599521377,2.4,4.1,1.0,1.3,9.425287356321839,0.3307926829268293,0.18140243902439024,N01,Mining and Logging
2010-05-01,5520.0,37.7,11.574393667449032,1.4,5.6,1.1,5.0,36.11050724637681,0.6629207846285055,0.23729493804244217,N02,Construction
2010-05-01,11511.0,40.5,10.713792627364354,1.6,2.2,0.7,1.0,4.196855181999826,0.5261850548540675,0.2719933761126061,N03,Manufacturing
2010-05-01,24483.0,34.3,8.997192691794377,1.9,3.3,1.7,1.2,19.60135604296859,0.45901229422796413,0.20673056886851426,N04,"Trade, Transportation, and Utilities"
2010-05-01,2708.0,36.6,13.926089557733906,2.9,1.8,0.8,1.3,17.850812407680944,0.3303682250724038,0.16032271410839885,N05,Information
2010-05-01,7698.0,37.0,12.536241888720143,2.7,2.2,1.1,1.1,26.97064172512341,0.32256044697042674,0.1267218957711203,N06,Financial Activities
2010-05-01,16756.0,35.4,12.540844033319528,3.5,4.7,2.0,2.0,28.433396992122226,0.39392985328379826,0.18957664294859686,N07,Professional and Business Services
2010-05-01,19934.0,32.7,10.423857517603203,2.5,2.4,1.2,0.8,9.20286946924852,0.6214772417552467,0.2699373126192423,N08,Private Education and Health Services
2010-05-01,13012.0,25.8,6.019605135993373,2.3,4.9,2.7,1.8,15.697817399323702,0.6920591403113678,0.35474395378439244,N09,Leisure and Hospitality
2010-05-01,5328.0,31.7,9.268719223157992,2.2,3.2,1.9,1.4,38.76126126126126,0.28287817160565565,0.19247530505520047,N10,Other Services
2010-06-01,702.0,43.3,12.601347151690383,2.0,3.1,1.1,1.0,9.544159544159545,0.32238805970149254,0.1791044776119403,N01,Mining and Logging
2010-06-01,5516.0,37.7,11.565430780068048,1.3,5.1,1.1,4.1,34.764321972443796,0.6580100125156445,0.2358677513558615,N02,Construction
2010-06-01,11529.0,40.1,10.690656955142517,1.7,2.3,0.8,1.1,3.9344262295081966,0.5257936507936508,0.2724867724867725,N03,Manufacturing
2010-06-01,24505.0,34.2,9.000962251207417,1.9,3.5,1.7,1.4,19.117731075290756,0.4488131830601093,0.2028048155737705,N04,"Trade, Transportation, and Utilities"
2010-06-01,2701.0,36.6,14.019401562622294,2.1,1.9,1.0,0.9,17.326915957052943,0.3188034188034188,0.15982905982905982,N05,Information
2010-06-01,7688.0,37.1,12.513869769197832,2.5,2.4,1.4,0.6,26.157648283038505,0.3157135753356539,0.12093485827946296,N06,Financial Activities
2010-06-01,16818.0,35.3,12.559910496825491,3.4,5.2,2.2,2.2,27.472351052443813,0.3875722355691189,0.1847282643984157,N07,Professional and Business Services
2010-06-01,19964.0,32.7,10.455849244241456,2.3,2.5,1.3,0.9,9.077339210579042,0.624103299856528,0.265257697825847,N08,Private Education and Health Services
2010-06-01,13034.0,25.7,6.017523100935087,2.5,4.9,2.5,2.4,14.916372564063218,0.6867606213352536,0.35253574735109555,N09,Leisure and Hospitality
2010-06-01,5313.0,31.6,9.300226980787203,2.0,3.2,1.7,1.4,38.20628646715603,0.2776984087886103,0.1843933198679738,N10,Other Services
2010-07-01,709.0,43.7,12.66515015739528,1.6,3.4,1.1,1.0,9.18194640338505,0.3317972350230415,0.20583717357910905,N01,Mining and Logging
2010-07-01,5508.0,37.8,11.566829806300408,1.8,6.1,1.3,4.8,34.69862018881627,0.6593239849309335,0.23278568438677272,N02,Construction
2010-07-01,11546.0,40.2,10.725856483077136,1.8,2.4,0.7,1.3,4.065477221548589,0.5334469535577333,0.2750319556881125,N03,Manufacturing
2010-07-01,24526.0,34.4,9.002550492865513,1.9,3.5,1.7,1.4,19.432031313707903,0.46033278079691137,0.20306762626156655,N04,"Trade, Transportation, and Utilities"
2010-07-01,2703.0,36.6,14.03460398428345,3.5,2.0,1.0,1.0,18.102108768035517,0.331289597384018,0.1637032495401594,N05,Information
2010-07-01,7676.0,37.0,12.577835987224558,2.6,2.2,1.1,1.0,26.14773319437207,0.3274375965323103,0.1295401325295202,N06,Financial Activities
2010-07-01,16828.0,35.5,12.554858574021738,3.6,4.9,1.9,2.6,27.835155692892798,0.3906406780384706,0.18614034713178626,N07,Professional and Business Services
2010-07-01,19976.0,32.6,10.468509455205535,2.6,2.7,1.2,1.1,9.232078494193031,0.6194555904999458,0.26342045331308966,N08,Private Education and Health Services
2010-07-01,13048.0,25.8,6.010891293858138,2.4,5.1,2.6,2.5,15.097332924586144,0.6855677953195594,0.3443829636022133,N09,Leisure and Hospitality
2010-07-01,5326.0,31.7,9.246111072815424,2.9,2.8,1.3,1.1,38.8790837401427,0.2782633891920607,0.18641039262085285,N10,Other Services
2010-08-01,716.0,43.7,12.614547340115545,2.1,4.1,1.0,1.2,8.533519553072626,0.37152209492635024,0.2160392798690671,N01,Mining and Logging
2010-08-01,5524.0,38.0,11.549951129527402,0.9,6.1,1.4,4.5,34.592686459087616,0.6870061227693757,0.2365900884400021,N02,Construction
2010-08-01,11538.0,40.3,10.74232641804674,1.6,2.3,0.9,1.2,4.0639625585023404,0.5291106845809341,0.2650885050117296,N03,Manufacturing
2010-08-01,24537.0,34.4,8.98482491522235,1.8,3.2,1.6,1.1,19.578595590332966,0.46827643630308075,0.20512073272273107,N04,"Trade, Transportation, and Utilities"
2010-08-01,2701.0,36.6,14.092133459983572,3.0,2.1,0.9,0.9,17.80081451314328,0.3621048252911814,0.16971713810316139,N05,Information
2010-08-01,7674.0,37.1,12.55489324210845,3.0,2.1,1.0,0.6,26.56632786030753,0.3296218178250846,0.12812086133320252,N06,Financial Activities
2010-08-01,16888.0,35.4,12.568659572417781,3.7,5.2,2.3,2.4,27.70369493131217,0.4020647202154491,0.18281109733681017,N07,Professional and Business Services
2010-08-01,20012.0,32.7,10.489943695709036,2.4,2.3,1.2,0.9,8.9546272236658,0.6217075892857142,0.2734933035714286,N08,Private Education and Health Services
2010-08-01,13081.0,25.9,6.006708791637413,2.7,4.9,2.6,1.8,15.313813928598732,0.6951377795527156,0.3535343450479233,N09,Leisure and Hospitality
2010-08-01,5324.0,31.7,9.241796414329832,2.6,3.0,1.4,1.5,38.53117956423742,0.2961392219947353,0.18792044457443696,N10,Other Services
2010-09-01,722.0,43.2,12.731645859580803,2.2,3.2,0.9,1.2,8.822714681440443,0.3218210361067504,0.18838304552590268,N01,Mining and Logging
2010-09-01,5501.0,39.1,11.540487916618943,1.4,5.7,1.5,4.3,35.7407744046537,0.678398860688673,0.2383398606378109,N02,Construction
2010-09-01,11549.0,40.4,10.734165616767838,1.6,2.3,0.8,1.1,4.200363667850031,0.5244279529993816,0.2504638218923933,N03,Manufacturing
2010-09-01,24564.0,34.4,9.011567976176842,1.7,3.4,1.7,1.2,20.105438853606902,0.46052604936521757,0.20037661732844675,N04,"Trade, Transportation, and Utilities"
2010-09-01,2697.0,36.6,14.197686404764632,2.3,2.3,1.1,1.1,18.32406377456433,0.33650343990287335,0.16127074059085392,N05,Information
2010-09-01,7681.0,37.1,12.530065284618027,2.8,2.2,1.2,0.7,27.177450852753545,0.3258443113772455,0.13130538922155688,N06,Financial Activities
2010-09-01,16906.0,35.6,12.562134921543924,3.6,4.7,2.2,2.2,28.55672542292677,0.3927047516467128,0.18488752640954473,N07,Professional and Business Services
2010-09-01,20005.0,32.8,10.482189898064368,2.5,2.5,1.2,1.1,9.275681079730067,0.6174283250700582,0.2649816770855788,N08,Private Education and Health Services
2010-09-01,13137.0,25.8,5.997022105142595,2.4,5.1,2.7,1.8,15.64512445763873,0.6930375127718581,0.3489028365688707,N09,Leisure and Hospitality
2010-09-01,5332.0,31.9,9.231474057954415,2.1,2.8,1.4,0.9,40.0562640660165,0.28766738458657176,0.18255454630583387,N10,Other Services
2010-10-01,732.0,43.5,12.678339078229506,2.8,3.3,0.9,1.1,8.852459016393443,0.3549382716049383,0.2052469135802469,N01,Mining and Logging
2010-10-01,5508.0,38.2,11.555230899171365,1.2,6.5,1.5,4.4,34.83115468409586,0.6891842585353141,0.23831118060985146,N02,Construction
2010-10-01,11548.0,40.4,10.715182505079095,1.7,2.3,0.9,1.2,4.0145479736750955,0.527825711820535,0.26056945642795515,N03,Manufacturing
2010-10-01,24626.0,34.5,8.998561873673157,2.0,3.3,1.6,1.2,20.185170145374805,0.46443228454172364,0.19988734207773395,N04,"Trade, Transportation, and Utilities"
2010-10-01,2695.0,36.9,14.226036934736458,2.2,2.4,1.4,0.8,18.20779220779221,0.32586101487670677,0.15732626859588345,N05,Information
2010-10-01,7682.0,37.1,12.513981783733193,2.9,2.1,0.9,1.0,27.26503514709711,0.323943661971831,0.1244688469801862,N06,Financial Activities
2010-10-01,16975.0,35.8,12.541374666149247,3.7,4.8,2.1,2.1,28.127245949926362,0.39936329744900095,0.18414107988103715,N07,Professional and Business Services
2010-10-01,20073.0,32.8,10.496039445750679,3.0,2.5,1.2,0.7,9.310516614357594,0.611108138477179,0.26678795013109313,N08,Private Education and Health Services
2010-10-01,13127.0,25.9,5.980779327504736,3.1,5.0,2.8,2.0,15.741601279804982,0.6807491289198606,0.34910956252419667,N09,Leisure and Hospitality
2010-10-01,5357.0,31.7,9.249663295820303,2.0,3.6,1.5,1.5,40.4050774687325,0.2905520905520905,0.18341418341418342,N10,Other Services
2010-11-01,736.0,43.6,12.628079602896305,2.9,3.3,1.2,1.3,9.769021739130434,0.33101529902642557,0.19749652294853964,N01,Mining and Logging
2010-11-01,5506.0,38.2,11.52602577530853,1.6,6.1,1.3,4.5,35.81547402833273,0.6828093306288032,0.23255578093306287,N02,Construction
2010-11-01,11571.0,40.4,10.660776902409035,2.0,2.5,0.8,1.3,4.196698643159623,0.5294481054365733,0.28706754530477757,N03,Manufacturing
2010-11-01,24625.0,34.4,8.971264629536863,2.0,3.4,1.7,1.4,21.24507614213198,0.46297499808853887,0.20416316232127837,N04,"Trade, Transportation, and Utilities"
2010-11-01,2689.0,36.7,14.231066988478528,2.7,2.5,1.6,0.8,19.330606173298623,0.34109272797229706,0.17718353212774143,N05,Information
2010-11-01,7680.0,37.1,12.4869074183706,3.2,2.2,1.0,0.8,27.861979166666664,0.3261519768202636,0.1227217496962333,N06,Financial Activities
2010-11-01,17069.0,35.6,12.4869074183706,4.0,4.9,2.1,2.2,29.111254320698343,0.39686053531897764,0.18379955725498087,N07,Professional and Business Services
2010-11-01,20113.0,32.7,10.487727127829137,2.7,2.6,1.3,0.9,9.430219261174365,0.6259819686824485,0.26440660093847207,N08,Private Education and Health Services
2010-11-01,13126.0,25.9,5.961109340133886,2.4,5.0,2.8,2.0,16.340850220935547,0.6928994358711362,0.3458436290736165,N09,Leisure and Hospitality
2010-11-01,5347.0,31.7,9.276378705769844,2.4,3.1,1.6,1.5,40.834112586497106,0.29183841714756803,0.18168910872950444,N10,Other Services
2010-12-01,734.0,43.8,12.504989295692875,2.5,2.9,1.3,1.3,9.12806539509537,0.35074626865671643,0.21044776119402986,N01,Mining and Logging
2010-12-01,5467.0,38.0,11.498058710403134,0.8,6.9,1.6,5.5,33.811962685202126,0.672761698674601,0.2239112794157425,N02,Construction
2010-12-01,11579.0,40.4,10.645342719256865,1.7,2.4,0.9,1.1,3.7317557647465236,0.5246470724369359,0.2737792177736635,N03,Manufacturing
2010-12-01,24657.0,34.5,8.958053630392975,2.1,3.2,1.6,1.3,19.66257046680456,0.4536322758962089,0.19588713336908542,N04,"Trade, Transportation, and Utilities"
2010-12-01,2682.0,36.6,14.083421023984904,2.9,2.4,1.5,1.1,18.042505592841163,0.3343666046703864,0.1661500309981401,N05,Information
2010-12-01,7684.0,37.1,12.500453572335715,2.6,2.4,1.3,0.9,26.2116085372202,0.30926964897472814,0.11727322377240455,N06,Financial Activities
2010-12-01,17140.0,35.7,12.414274828549656,3.3,5.7,2.3,2.5,27.25962660443407,0.3822314491792051,0.17120047942127004,N07,Professional and Business Services
2010-12-01,20126.0,32.7,10.486592401756232,2.7,2.5,1.2,1.0,8.558084070356752,0.6106014862981886,0.2660822108685555,N08,Private Education and Health Services
2010-12-01,13157.0,25.8,5.941797597880909,2.6,5.1,2.9,1.7,15.34164323173976,0.6811989100817438,0.3359920733217736,N09,Leisure and Hospitality
2010-12-01,5338.0,31.7,9.221125585108311,1.9,2.8,1.8,0.7,38.01423754215062,0.2934654050857481,0.17726197516262568,N10,Other Services
2011-01-01,737.0,43.7,12.564029531572832,3.9,2.2,0.9,1.2,10.936227951153324,0.3027295285359802,0.1662531017369727,N01,Mining and Logging
2011-01-01,5427.0,37.6,11.510622233675576,1.2,5.2,1.3,4.5,36.28524046434494,0.6670729230144221,0.2227300426569165,N02,Construction
2011-01-01,11606.0,40.3,10.66970481990352,1.9,2.3,0.9,1.1,4.2219541616405305,0.5161224489795918,0.26612244897959186,N03,Manufacturing
2011-01-01,24675.0,34.4,8.96074362417321,2.2,3.3,1.5,1.4,20.964133738601824,0.4454367956078795,0.19662085097334184,N04,"Trade, Transportation, and Utilities"
2011-01-01,2678.0,36.6,14.236822236388214,3.1,2.3,1.0,0.9,19.611650485436893,0.3573876618431074,0.16260472201066262,N05,Information
2011-01-01,7680.0,37.1,12.487171488378612,3.0,1.9,1.1,0.9,27.178385416666664,0.31385042878359604,0.12183203181143104,N06,Financial Activities
2011-01-01,17150.0,35.7,12.47812936564988,3.1,5.0,2.2,2.5,28.913119533527695,0.406082361957004,0.18426572016294923,N07,Professional and Business Services
2011-01-01,20150.0,32.7,10.46173599714269,2.6,2.2,1.1,0.7,9.649131513647642,0.6210975672478527,0.2533045311937458,N08,Private Education and Health Services
2011-01-01,13149.0,25.8,5.958758878234254,2.7,4.9,2.9,1.9,16.051410753669483,0.6921728418459205,0.3359708139865441,N09,Leisure and Hospitality
2011-01-01,5327.0,31.7,9.2139230605777,2.1,3.1,1.6,1.5,41.436080345410176,0.2773977257282653,0.17170298554795452,N10,Other Services
2011-02-01,738.0,44.1,12.654462861314657,2.5,3.0,1.8,0.4,9.850948509485095,0.3466299862448418,0.18844566712517194,N01,Mining and Logging
2011-02-01,5451.0,37.8,11.464727036746613,0.9,6.3,1.3,4.4,36.46670335718217,0.6506690813965188,0.21757722104839522,N02,Construction
2011-02-01,11637.0,40.5,10.590451468692823,1.8,2.3,0.8,1.1,4.263985563289507,0.5314389359129383,0.24768238613462312,N03,Manufacturing
2011-02-01,24746.0,34.4,8.936538409539518,2.5,3.6,1.8,1.3,21.05714054796735,0.4422161664235818,0.19014354801565977,N04,"Trade, Transportation, and Utilities"
2011-02-01,2672.0,36.6,14.204724693327563,2.5,2.0,1.2,0.8,19.520958083832337,0.3270705521472393,0.14992331288343558,N05,Information
2011-02-01,7677.0,37.1,12.451666982126923,2.6,2.1,1.0,0.9,27.881985150449395,0.306610604998832,0.11614108853071713,N06,Financial Activities
2011-02-01,17229.0,35.7,12.43814725684774,3.4,5.3,2.4,2.2,29.901329154332814,0.3836015295921735,0.17654366519789583,N07,Professional and Business Services
2011-02-01,20167.0,32.7,10.464267366087121,2.8,2.4,1.2,0.8,9.654385877919374,0.661171032357473,0.25469953775038523,N08,Private Education and Health Services
2011-02-01,13188.0,25.9,5.930652822467981,2.9,5.1,2.8,1.8,16.653017895056113,0.6810855113377652,0.33020672069938983,N09,Leisure and Hospitality
2011-02-01,5337.0,31.7,9.18440003965786,2.5,3.8,1.8,1.7,41.52707513584411,0.2871452420701169,0.17506655236204485,N10,Other Services
2011-03-01,754.0,44.4,12.620715009459932,4.3,3.6,1.1,0.4,10.39787798408488,0.3469387755102041,0.2193877551020408,N01,Mining and Logging
2011-03-01,5477.0,37.9,11.360885198568905,1.2,6.9,1.5,4.4,36.46704400219098,0.643668953086667,0.21709307565213037,N02,Construction
2011-03-01,11659.0,40.4,10.549393398671127,1.8,2.3,1.0,1.0,3.8939874774852044,0.5259911894273128,0.26629955947136563,N03,Manufacturing
2011-03-01,24794.0,34.6,8.890542757996107,2.2,3.6,1.8,1.3,19.86287004920545,0.4489116309291748,0.19208901884340482,N04,"Trade, Transportation, and Utilities"
2011-03-01,2672.0,36.7,14.239215229145557,3.9,2.2,1.2,1.1,18.7125748502994,0.3234,0.1584,N05,Information
2011-03-01,7682.0,37.1,12.409996144293107,2.6,2.2,1.2,0.5,26.79640718562874,0.3064853048336167,0.11508379888268157,N06,Financial Activities
2011-03-01,17294.0,35.6,12.347228822754051,3.6,5.7,2.6,2.4,28.04209552445935,0.3917230287033982,0.18032415044539757,N07,Professional and Business Services
2011-03-01,20180.0,32.8,10.41040861526322,2.9,2.3,1.3,0.7,9.168483647175421,0.6184736785212409,0.25797211112312185,N08,Private Education and Health Services
2011-03-01,13247.0,25.8,5.909094984891009,2.9,5.8,2.9,2.2,15.751490903600816,0.6908367679478578,0.329914693760184,N09,Leisure and Hospitality
2011-03-01,5332.0,31.7,9.114711763492732,2.0,3.0,1.4,1.3,38.56339084771193,0.2910709074992705,0.18164575430405602,N10,Other Services
2011-04-01,767.0,44.4,12.59298594779846,3.3,4.6,1.0,1.1,11.016949152542372,0.32781065088757394,0.18579881656804734,N01,Mining and Logging
2011-04-01,5485.0,38.1,11.325654973604708,1.4,6.8,1.7,4.7,34.96080218778487,0.6582186065915728,0.2203796412181894,N02,Construction
2011-04-01,11689.0,40.4,10.535804331237477,1.9,2.3,0.9,1.0,4.138934040550946,0.5314179412980571,0.26725919801570897,N03,Manufacturing
2011-04-01,24891.0,34.7,8.8623919533408,2.4,3.5,1.6,1.2,20.00964203929131,0.4559691603421275,0.1944143275910533,N04,"Trade, Transportation, and Utilities"
2011-04-01,2674.0,36.7,14.132525335463402,3.4,2.7,1.5,0.7,18.885564697083023,0.340990099009901,0.1712871287128713,N05,Information
2011-04-01,7680.0,37.2,12.356476998389063,3.0,1.6,1.0,0.5,27.287760416666668,0.31626664121773157,0.11828983155986067,N06,Financial Activities
2011-04-01,17356.0,35.8,12.33416483335044,3.3,5.4,2.1,2.6,27.674003226549896,0.3972018071662052,0.1823405717141013,N07,Professional and Business Services
2011-04-01,20232.0,32.8,10.379619175967122,2.9,2.5,1.2,0.8,9.033214709371293,0.6190085357846355,0.2611074633398993,N08,Private Education and Health Services
2011-04-01,13298.0,26.0,5.890411570196302,2.4,5.1,2.8,1.7,15.866295683561438,0.6842978340205697,0.32774065121569745,N09,Leisure and Hospitality
2011-04-01,5341.0,31.8,9.107825768765647,1.9,3.2,1.2,1.9,39.36903201647632,0.2960954962667047,0.18228943739002235,N10,Other Services
2011-05-01,777.0,44.4,12.472976699910143,2.2,3.9,1.3,0.9,9.562419562419564,0.3351278600269179,0.23149394347240915,N01,Mining and Logging
2011-05-01,5516.0,38.5,11.276389420211204,1.9,7.1,1.5,4.9,30.239303843364755,0.6740407673860911,0.23201438848920863,N02,Construction
2011-05-01,11697.0,40.5,10.524630125530457,1.8,2.3,0.9,1.1,3.5932290330854064,0.522721865334285,0.28788960266476327,N03,Manufacturing
2011-05-01,24906.0,34.6,8.860973461562414,2.5,3.4,1.8,1.2,17.25568136192082,0.4796984433534216,0.21609232845475487,N04,"Trade, Transportation, and Utilities"
2011-05-01,2679.0,36.6,14.038771207174182,3.8,2.4,1.3,1.0,16.35684957073535,0.3797352806937471,0.20584208124144227,N05,Information
2011-05-01,7701.0,37.2,12.343976584254868,2.5,2.0,1.0,0.6,25.161667315932995,0.30680703927336533,0.12277442328533829,N06,Financial Activities
2011-05-01,17407.0,35.7,12.308390345453413,3.3,5.6,2.1,2.8,24.109266387085654,0.42147401529773393,0.20380298806204875,N07,Professional and Business Services
2011-05-01,20253.0,32.9,10.391181730024998,2.8,2.3,1.3,0.8,7.784031995259961,0.6198541071994925,0.29191246431969553,N08,Private Education and Health Services
2011-05-01,13293.0,25.8,5.893970801491063,2.3,4.9,2.8,2.2,13.777175957270744,0.7045975756252048,0.3639838375013651,N09,Leisure and Hospitality
2011-05-01,5345.0,31.7,9.101180573472238,2.0,3.1,1.5,1.6,32.954162768942936,0.307312365164074,0.2072783013511979,N10,Other Services
2011-06-01,788.0,45.0,12.406252502157415,1.8,4.1,1.4,1.1,10.291878172588833,0.3070283600493218,0.18618988902589395,N01,Mining and Logging
2011-06-01,5528.0,38.4,11.276389420211204,1.2,7.2,1.4,5.8,35.45767004341534,0.6654252334064589,0.22560073465639507,N02,Construction
2011-06-01,11710.0,40.4,10.524630125530457,1.7,2.2,0.9,0.9,4.164816396242528,0.5210170186590117,0.25630510559770353,N03,Manufacturing
2011-06-01,24962.0,34.5,8.883214860813322,2.6,3.5,1.7,1.3,20.31367678871885,0.45380322243477234,0.19468712406571084,N04,"Trade, Transportation, and Utilities"
2011-06-01,2685.0,36.6,14.020978087773456,3.4,2.6,1.2,0.9,19.87709497206704,0.33427018924489416,0.16020236087689713,N05,Information
2011-06-01,7690.0,37.2,12.379562823056322,2.7,2.1,1.2,0.8,29.13914174252276,0.34581399500178506,0.11665476615494466,N06,Financial Activities
2011-06-01,17424.0,35.7,12.35287314395523,3.8,4.9,2.1,2.5,28.56749311294766,0.3967976534876246,0.1830801992928319,N07,Professional and Business Services
2011-06-01,20284.0,32.8,10.395630009875182,3.0,2.5,1.2,0.9,9.249161901005719,0.604711902350621,0.2614999200469058,N08,Private Education and Health Services
2011-06-01,13343.0,25.8,5.880625961940518,3.0,5.5,2.9,2.1,16.238477104099527,0.6895278534176398,0.3371025061152905,N09,Leisure and Hospitality
2011-06-01,5353.0,31.8,9.123421972723149,2.4,3.3,1.2,1.5,39.32000747244536,0.2956575446598252,0.18282022044849866,N10,Other Services
2011-07-01,799.0,44.4,12.44038243971694,3.3,3.9,1.5,0.8,10.638297872340425,0.3788235294117647,0.1952941176470588,N01,Mining and Logging
2011-07-01,5547.0,38.5,11.251358725792498,1.5,6.1,1.3,4.2,35.28754281593655,0.6635332584040053,0.22218248697251455,N02,Construction
2011-07-01,11729.0,40.4,10.537057166308037,1.9,2.2,0.9,0.9,4.115440361497144,0.5326289620882536,0.26372488087839235,N03,Manufacturing
2011-07-01,25010.0,34.6,8.899931231837439,2.6,3.4,1.7,1.2,19.808876449420232,0.4482459327439344,0.19098946348552742,N04,"Trade, Transportation, and Utilities"
2011-07-01,2675.0,36.7,14.006521883803988,3.8,1.7,1.2,0.9,19.001869158878502,0.3330710210505607,0.1603383828447767,N05,Information
2011-07-01,7692.0,37.4,12.36495929368442,3.3,2.0,1.4,0.6,27.903016120644825,0.31878115827237574,0.11261240273959838,N06,Financial Activities
2011-07-01,17431.0,35.8,12.418199161472081,4.3,5.3,2.4,2.5,28.01732545464976,0.39146548723304053,0.17773409505088356,N07,Professional and Business Services
2011-07-01,20332.0,32.8,10.457197364626545,3.0,2.4,1.2,0.8,9.217981506984064,0.6117810265713371,0.2595774196990716,N08,Private Education and Health Services
2011-07-01,13370.0,26.0,5.865258767940727,2.6,5.4,2.8,2.2,16.12415856394914,0.6865664718433993,0.32697838389460987,N09,Leisure and Hospitality
2011-07-01,5358.0,31.8,9.121764014286029,2.3,3.9,1.6,1.9,39.837625979843224,0.2927617709065355,0.179386273131881,N10,Other Services
2011-08-01,805.0,44.7,12.427799350746996,2.7,3.5,1.6,1.1,9.975155279503106,0.29514321295143214,0.19427148194271482,N01,Mining and Logging
2011-08-01,5552.0,38.3,11.260205390392118,1.7,6.1,1.2,4.8,34.43263688760807,0.6549144740283517,0.2195428152952869,N02,Construction
2011-08-01,11748.0,40.4,10.481809416822198,1.9,2.2,0.9,1.0,4.085801838610827,0.5325,0.27208333333333334,N03,Manufacturing
2011-08-01,25029.0,34.5,8.84983149496254,2.2,3.3,1.8,1.3,19.307203643773224,0.45979223574207434,0.1947686449797202,N04,"Trade, Transportation, and Utilities"
2011-08-01,2632.0,36.5,14.028818341839669,3.8,2.7,1.5,0.7,19.22872340425532,0.3185141276427583,0.15471250740960285,N05,Information
2011-08-01,7697.0,37.2,12.330499854050755,2.2,2.1,0.9,0.6,27.77315837339223,0.30846236609440053,0.1133928989100435,N06,Financial Activities
2011-08-01,17506.0,35.7,12.326077149655472,3.7,5.4,2.3,2.5,27.806466354392782,0.39073092567484285,0.17981428982291794,N07,Professional and Business Services
2011-08-01,20367.0,32.7,10.384509920125959,3.1,2.5,1.4,0.9,9.098050768399862,0.6172692930383162,0.2539665407447383,N08,Private Education and Health Services
2011-08-01,13395.0,25.9,5.837969801774389,2.8,5.4,3.1,1.9,15.543859649122806,0.6899764660679122,0.33197252773641994,N09,Leisure and Hospitality
2011-08-01,5377.0,31.6,9.093080236703138,1.7,3.4,1.6,1.5,39.112888227636226,0.2840093195758642,0.1760734154343588,N10,Other Services
2011-09-01,812.0,44.9,12.39204402529601,2.9,3.9,1.7,1.0,10.073891625615763,0.33985330073349634,0.20904645476772615,N01,Mining and Logging
2011-09-01,5584.0,38.5,11.249045662563933,1.5,6.8,1.5,4.4,33.18409742120344,0.6486778197517539,0.22191041554236374,N02,Construction
2011-09-01,11752.0,40.3,10.476749471528748,2.1,2.1,0.8,1.0,4.086963921034718,0.526754112013325,0.2679575265459088,N03,Manufacturing
2011-09-01,25046.0,34.6,8.826242183259266,2.4,3.4,1.8,1.3,19.389124011818254,0.46021580659775135,0.19616160784152217,N04,"Trade, Transportation, and Utilities"
2011-09-01,2676.0,36.7,13.848373985533788,4.2,2.3,1.4,0.8,19.039611360239164,0.34033366045142294,0.1619234543670265,N05,Information
2011-09-01,7695.0,37.5,12.39645714638764,2.3,2.0,0.9,0.9,27.4775828460039,0.3041051835035944,0.11090616723420356,N06,Financial Activities
2011-09-01,17571.0,35.8,12.317020966738305,4.8,5.5,2.5,2.4,27.57498150361391,0.39364732106001815,0.18143729876991663,N07,Professional and Business Services
2011-09-01,20417.0,32.7,10.388487049696156,2.9,2.5,1.2,0.7,9.030709702698731,0.6128105000542358,0.2525219655060202,N08,Private Education and Health Services
2011-09-01,13426.0,25.9,5.851798567500893,3.1,5.6,3.0,2.3,15.455087144346791,0.6883855421686746,0.331855421686747,N09,Leisure and Hospitality
2011-09-01,5382.0,31.7,9.073376964390526,2.8,3.9,1.7,1.9,38.81642512077295,0.2955339619932028,0.18237518548657317,N10,Other Services
2011-10-01,820.0,44.8,12.374862183020948,2.6,3.6,1.8,0.7,8.182926829268292,0.38450074515648286,0.2578241430700447,N01,Mining and Logging
2011-10-01,5588.0,38.3,11.241455347298787,1.4,6.0,1.5,4.0,32.816750178954905,0.6644126949503762,0.2282691678481841,N02,Construction
2011-10-01,11762.0,40.7,10.513781697905182,1.9,2.1,0.9,0.9,3.9942186702941678,0.5297999148573861,0.25840783312047677,N03,Manufacturing
2011-10-01,25083.0,34.7,8.873208379272327,2.6,3.4,1.8,1.2,19.225770442132124,0.4575937292634373,0.19755723291307234,N04,"Trade, Transportation, and Utilities"
2011-10-01,2677.0,36.7,13.962513781697904,4.1,2.1,1.2,0.8,18.602913709376168,0.3413654618473896,0.1634538152610442,N05,Information
2011-10-01,7708.0,37.7,12.467475192943771,2.9,2.2,1.1,0.7,25.926310326933056,0.3175540432345877,0.11724379503602882,N06,Financial Activities
2011-10-01,17618.0,35.8,12.335170893054023,3.9,5.5,2.5,2.4,26.201044386422975,0.400359610926973,0.18513463746452632,N07,Professional and Business Services
2011-10-01,20452.0,32.7,10.407938257993385,3.0,2.4,1.2,0.8,8.647565030314883,0.6110482867805044,0.26874363903652604,N08,Private Education and Health Services
2011-10-01,13464.0,26.1,5.865490628445425,3.1,5.5,2.5,2.3,14.89230540701129,0.6876963742456735,0.3405815171313151,N09,Leisure and Hospitality
2011-10-01,5383.0,31.8,9.067254685777288,2.2,4.1,1.8,2.1,37.495820174623816,0.28859492667459374,0.17925089179548157,N10,Other Services
2011-11-01,825.0,44.5,12.457685687747889,2.8,3.0,1.4,1.0,9.478787878787879,0.3554987212276215,0.23657289002557544,N01,Mining and Logging
2011-11-01,5593.0,38.3,11.19871109174227,1.5,5.7,2.1,3.4,34.04076524226712,0.6643206050737959,0.22070486895320132,N02,Construction
2011-11-01,11753.0,40.4,10.441565530508123,1.9,1.9,1.0,0.9,4.276354973198332,0.528849980103462,0.26402705929168324,N03,Manufacturing
2011-11-01,25111.0,34.6,8.86564628096263,2.9,3.4,1.6,1.4,21.344828959420173,0.4311274464075822,0.18326834455866714,N04,"Trade, Transportation, and Utilities"
2011-11-01,2676.0,36.9,13.927956719446755,3.4,2.3,1.4,0.8,19.727204783258593,0.3286607311990907,0.16897139609774578,N05,Information
2011-11-01,7721.0,37.4,12.479695733132603,2.2,2.3,1.1,0.8,27.458878383629063,0.3150794773831423,0.12211688127918495,N06,Financial Activities
2011-11-01,17654.0,35.8,12.325625415439607,3.7,5.3,2.5,2.5,28.180582304293647,0.3960603015075377,0.1862713567839196,N07,Professional and Business Services
2011-11-01,20484.0,32.7,10.393143430661752,3.0,2.5,1.2,1.0,9.121753563757078,0.6238158951030238,0.2643831950762644,N08,Private Education and Health Services
2011-11-01,13511.0,26.1,5.859074081410756,3.1,5.9,2.8,2.5,15.625786396269705,0.6920234937476317,0.334785903751421,N09,Leisure and Hospitality
2011-11-01,5391.0,31.7,9.072540707578938,2.1,3.7,1.7,1.7,40.34501947690595,0.2909885057471264,0.17291954022988507,N10,Other Services
2011-12-01,831.0,44.3,12.485531834365359,3.4,3.7,1.7,0.9,9.975932611311674,0.3691194209891435,0.2316043425814234,N01,Mining and Logging
2011-12-01,5611.0,38.5,11.218054510326859,1.4,5.7,1.5,3.6,36.631616467652826,0.6560766760727839,0.215237909895884,N02,Construction
2011-12-01,11783.0,40.6,10.478692737971066,2.0,2.3,0.9,0.9,4.179750487991174,0.5236548223350254,0.2586802030456853,N03,Manufacturing
2011-12-01,25124.0,34.6,8.885544157061565,2.7,3.3,1.8,1.2,22.041474287533834,0.42237752135363055,0.17449482637195948,N04,"Trade, Transportation, and Utilities"
2011-12-01,2679.0,36.8,13.933448638562115,4.0,2.6,1.4,1.0,20.223964165733484,0.3211517165005537,0.16555924695459578,N05,Information
2011-12-01,7729.0,37.3,12.485531834365359,2.6,2.3,1.1,0.8,28.958468107128997,0.30957912608345994,0.11549459387007417,N06,Financial Activities
2011-12-01,17722.0,35.8,12.30949331713779,4.6,5.1,1.8,2.4,28.4397923484934,0.39157953215213986,0.17765520525386402,N07,Professional and Business Services
2011-12-01,20515.0,32.8,10.412678294010728,3.0,2.5,1.3,0.8,9.403363392639532,0.6170753200974548,0.260484163599606,N08,Private Education and Health Services
2011-12-01,13538.0,26.1,5.86648358660875,3.2,5.5,3.0,2.2,16.5364160141823,0.6839237057220708,0.3302809666324206,N09,Leisure and Hospitality
2011-12-01,5402.0,31.7,9.08358748894258,2.2,3.5,1.5,1.6,41.329137356534616,0.2997850040311744,0.18140284869658693,N10,Other Services
2012-01-01,841.0,44.7,12.245327902669393,2.9,4.2,2.0,1.2,8.014268727705113,0.3620178041543027,0.24777448071216618,N01,Mining and Logging
2012-01-01,5626.0,38.6,11.191966362654822,1.6,5.9,1.4,4.1,28.41805901173125,0.6526770077558168,0.21935201401050788,N02,Construction
2012-01-01,11820.0,40.8,10.463391297478077,2.1,2.3,0.9,1.0,3.4670050761421316,0.5309907271839922,0.2547584187408492,N03,Manufacturing
2012-01-01,25217.0,34.7,8.85262594253913,2.6,3.5,1.6,1.2,17.043264464448587,0.4319651914933222,0.1910977709525804,N04,"Trade, Transportation, and Utilities"
2012-01-01,2665.0,36.8,13.886816302525434,3.2,2.0,1.4,0.9,15.973733583489683,0.3385012919896641,0.16302560488607,N05,Information
2012-01-01,7736.0,37.5,12.583281396757402,3.1,2.2,1.1,0.5,22.779214064115823,0.3051299511973669,0.11553739643627284,N06,Financial Activities
2012-01-01,17808.0,35.9,12.262883928336302,5.1,5.3,2.3,2.1,23.089622641509436,0.39588501386254193,0.18291259302495258,N07,Professional and Business Services
2012-01-01,20573.0,32.7,10.459002291061347,3.2,2.6,1.3,1.0,8.061050891945754,0.5710926193921853,0.2530149541726966,N08,Private Education and Health Services
2012-01-01,13600.0,26.2,5.8549345599143265,3.2,5.7,3.0,2.2,13.203676470588235,0.6945480870969538,0.3421506933229381,N09,Leisure and Hospitality
2012-01-01,5414.0,31.7,9.041353218458406,2.1,3.5,1.6,1.6,36.4924270410048,0.27939464493597205,0.1721921344333654,N10,Other Services
2012-02-01,846.0,44.6,12.58710019314235,3.0,3.9,1.8,1.3,9.208037825059103,0.3324775353016688,0.2220795892169448,N01,Mining and Logging
2012-02-01,5629.0,38.5,11.189993386735807,1.2,6.1,1.4,4.4,33.39491916859123,0.672624747313544,0.22066177252899244,N02,Construction
2012-02-01,11841.0,40.8,10.43669441901817,2.0,2.2,0.9,0.9,4.206570391014273,0.5225858261393295,0.26360168640835174,N03,Manufacturing
2012-02-01,25246.0,34.7,8.84250358035992,2.5,3.4,1.8,1.2,19.61815733185455,0.43696494911968986,0.1895291552253271,N04,"Trade, Transportation, and Utilities"
2012-02-01,2676.0,36.7,13.861576935036723,3.4,2.7,1.3,1.1,18.946188340807176,0.3323471400394477,0.17001972386587771,N05,Information
2012-02-01,7745.0,37.3,12.59585948346465,2.4,2.3,1.1,0.9,27.038089089735312,0.30757843464973017,0.11498973305954825,N06,Financial Activities
2012-02-01,17878.0,35.9,12.241108225411576,4.0,5.7,2.3,2.9,27.347578028862287,0.3820052360304344,0.17561155199214595,N07,Professional and Business Services
2012-02-01,20646.0,32.8,10.414796193212426,3.2,2.7,1.5,0.7,9.086021505376344,0.5988592142438296,0.25193240577855963,N08,Private Education and Health Services
2012-02-01,13641.0,26.0,5.842446644972824,2.7,5.7,3.0,2.2,15.454878674583973,0.6803434209278058,0.32240774120102456,N09,Leisure and Hospitality
2012-02-01,5414.0,31.7,9.030828322289327,2.5,3.1,1.6,1.4,38.70890284447728,0.2911676289545259,0.18070334494440998,N10,Other Services
2012-03-01,849.0,44.2,12.573916007814448,2.3,4.1,1.7,1.5,9.599528857479388,0.3239263803680982,0.2098159509202454,N01,Mining and Logging
2012-03-01,5625.0,38.7,11.214691858203638,1.6,5.6,1.6,3.7,33.41511111111111,0.6604064694615875,0.21499255160672484,N02,Construction
2012-03-01,11880.0,40.7,10.428002639779379,2.6,2.3,0.9,0.9,4.236531986531987,0.5191734551957083,0.2634611563679714,N03,Manufacturing
2012-03-01,25276.0,34.7,8.841512715957117,2.7,3.5,1.8,1.2,20.107611963918345,0.43745081064064223,0.18556193924130332,N04,"Trade, Transportation, and Utilities"
2012-03-01,2678.0,36.7,13.815136774661616,3.6,2.5,1.3,1.0,19.09634055265123,0.3292921392256551,0.16229956980836918,N05,Information
2012-03-01,7767.0,37.3,12.639473442683135,3.1,2.4,1.1,0.7,27.593665507918118,0.302491601343785,0.11053564762971257,N06,Financial Activities
2012-03-01,17912.0,35.8,12.241758337813092,4.5,5.3,2.3,2.4,27.579276462706567,0.38214574898785425,0.17376518218623482,N07,Professional and Business Services
2012-03-01,20690.0,32.8,10.476078092016415,3.2,2.6,1.4,0.7,8.970033832769454,0.6133412360579773,0.2492591195646317,N08,Private Education and Health Services
2012-03-01,13706.0,26.1,5.834611703313273,3.2,6.3,3.2,2.2,15.582956369473225,0.6854106189718139,0.32067609326715985,N09,Leisure and Hospitality
2012-03-01,5422.0,31.6,9.046926011879007,2.4,3.3,1.8,1.3,38.74400590188122,0.2946636835340601,0.17908316275527206,N10,Other Services
2012-04-01,850.0,43.9,12.553068018692159,1.9,4.1,2.0,1.4,9.470588235294118,0.34285714285714286,0.22111801242236026,N01,Mining and Logging
2012-04-01,5618.0,38.7,11.191734260669234,2.0,5.0,1.3,3.7,33.803844784620864,0.662103101469117,0.21689221210046863,N02,Construction
2012-04-01,11897.0,40.8,10.428165646393555,2.0,2.2,0.9,0.9,4.129612507354795,0.5192346834927742,0.2560553633217993,N03,Manufacturing
2012-04-01,25285.0,34.6,8.87048567327117,2.4,3.5,1.8,1.3,19.880957089183312,0.4421213869382721,0.18948059440211662,N04,"Trade, Transportation, and Utilities"
2012-04-01,2680.0,36.6,13.827136792226435,3.7,2.5,1.1,1.0,19.3955223880597,0.33686033089649864,0.1694882647171989,N05,Information
2012-04-01,7771.0,37.2,12.688328744649564,2.6,2.5,1.4,0.9,28.463518208724746,0.29531172295311725,0.10900131109001311,N06,Financial Activities
2012-04-01,17961.0,35.8,12.212734579186426,4.1,5.1,2.1,2.5,27.547463949668725,0.38459517361251466,0.17431989975342577,N07,Professional and Business Services
2012-04-01,20707.0,32.7,10.436892144842421,3.2,2.4,1.4,0.9,8.988264837977496,0.6156780571674189,0.2509671179883946,N08,Private Education and Health Services
2012-04-01,13709.0,26.1,5.833664213066186,3.4,5.5,3.2,2.0,15.505142607046466,0.6836657884832518,0.31901580730146784,N09,Leisure and Hospitality
2012-04-01,5416.0,31.6,9.036289143799605,3.0,3.6,1.7,2.1,39.02141802067947,0.28579540077600074,0.17086211791426137,N10,Other Services
2012-05-01,855.0,43.9,12.561594662306035,2.5,4.5,1.8,1.7,9.719298245614036,0.3164861612515042,0.2069795427196149,N01,Mining and Logging
2012-05-01,5604.0,38.5,11.232417921150088,1.6,5.8,1.4,4.5,34.50392576730906,0.6461522548613984,0.21286719073231278,N02,Construction
2012-05-01,11908.0,40.6,10.410427041751015,2.5,2.1,0.9,0.8,4.160228417870339,0.5209931368591038,0.2616067823980622,N03,Manufacturing
2012-05-01,25337.0,34.5,8.901986332215483,2.4,3.5,1.8,1.3,20.2032600544658,0.44542772861356933,0.19467073003965696,N04,"Trade, Transportation, and Utilities"
2012-05-01,2685.0,36.6,13.921377446843861,3.0,2.7,1.4,1.0,19.500931098696462,0.35255920550038194,0.17742551566080977,N05,Information
2012-05-01,7781.0,36.9,12.749603214509014,2.8,2.3,1.0,0.9,29.529623441717003,0.30178004091047567,0.11276493885189537,N06,Financial Activities
2012-05-01,17986.0,35.9,12.259906520398928,4.0,5.5,2.3,2.7,27.663182475258537,0.39143804642749475,0.17767058587076676,N07,Professional and Business Services
2012-05-01,20744.0,32.7,10.458522252779686,3.4,2.7,1.4,0.9,9.05996914770536,0.6335532616792593,0.24912206023198893,N08,Private Education and Health Services
2012-05-01,13705.0,26.0,5.828265118292357,3.2,5.4,3.2,2.0,15.705946734768332,0.6933333333333334,0.33468060394889665,N09,Leisure and Hospitality
2012-05-01,5416.0,31.5,9.085622592506768,2.9,3.5,1.6,1.9,39.036189069423926,0.29614038406962445,0.1813924888846845,N10,Other Services
2012-06-01,852.0,44.4,12.615742766624075,2.2,3.4,1.6,1.7,9.237089201877934,0.36086404066073696,0.22109275730622618,N01,Mining and Logging
2012-06-01,5621.0,38.5,11.250459470340097,1.1,6.3,1.6,4.6,32.04945739192314,0.6519011934499028,0.21243408270885372,N02,Construction
2012-06-01,11918.0,40.7,10.454044214174441,2.5,2.3,0.9,1.2,3.9494881691558987,0.5256001699596345,0.25536435096664545,N03,Manufacturing
2012-06-01,25323.0,34.6,8.944355953860427,2.4,3.5,1.9,1.3,19.328673537890456,0.44032198749642465,0.18154701099170514,N04,"Trade, Transportation, and Utilities"
2012-06-01,2674.0,36.6,13.9153874428944,3.8,2.1,1.5,0.7,18.676140613313386,0.3297957549058871,0.16740088105726872,N05,Information
2012-06-01,7782.0,36.9,12.74702000665138,2.9,2.4,1.2,0.8,26.526599845797993,0.3086276219541733,0.10894734292496246,N06,Financial Activities
2012-06-01,18042.0,35.9,12.291925574556721,4.1,5.0,2.0,2.4,26.101319144219044,0.38520343158073556,0.1755499872589824,N07,Professional and Business Services
2012-06-01,20744.0,32.8,10.497803294183543,3.5,2.5,1.3,1.0,8.56054762822985,0.625239328753238,0.24653677215902692,N08,Private Education and Health Services
2012-06-01,13702.0,26.1,5.8593408132187434,3.4,5.3,3.3,1.8,15.016056050211649,0.6854921020656136,0.3246658566221142,N09,Leisure and Hospitality
2012-06-01,5425.0,31.6,9.106264549894103,2.7,3.3,1.9,1.1,37.03410138248848,0.28664576178388335,0.16569608282315465,N10,Other Services
2012-07-01,851.0,43.7,12.625224200533705,1.6,3.2,2.1,1.0,8.166862514688603,0.33093525179856115,0.20287769784172663,N01,Mining and Logging
2012-07-01,5632.0,38.4,11.264709742333435,1.5,6.6,1.4,4.9,32.26740056818181,0.6528366257634953,0.21581467011500577,N02,Construction
2012-07-01,11944.0,40.7,10.455400498709478,2.1,2.1,0.9,0.9,4.045545880776959,0.5302152317880795,0.25662251655629137,N03,Manufacturing
2012-07-01,25329.0,34.5,8.954897414585064,2.6,3.4,1.9,1.1,19.341071499072207,0.4462022086590867,0.1885729449468248,N04,"Trade, Transportation, and Utilities"
2012-07-01,2679.0,36.5,13.941992213132684,2.7,1.9,1.1,0.8,17.734229189996267,0.34119132814144393,0.16501789097032205,N05,Information
2012-07-01,7778.0,37.2,12.747714248217331,2.9,2.1,1.1,0.7,26.96837233221908,0.30854309687261633,0.11303394355453852,N06,Financial Activities
2012-07-01,18084.0,35.9,12.305875147644253,3.9,4.8,1.9,2.2,26.256912187569124,0.3886443569277426,0.17578922982962322,N07,Professional and Business Services
2012-07-01,20779.0,32.8,10.503521588870905,3.2,2.5,1.3,0.8,8.349294961258963,0.6383076834399677,0.25396276442446253,N08,Private Education and Health Services
2012-07-01,13735.0,26.1,5.862023710573516,3.4,5.5,3.1,1.9,14.92318893338187,0.6864419183295116,0.3273649802410109,N09,Leisure and Hospitality
2012-07-01,5433.0,31.6,9.125508552430114,2.0,3.2,1.8,1.0,36.51941836922511,0.2958520235875208,0.17599919358903282,N10,Other Services
2012-08-01,852.0,43.5,12.521855618089928,2.0,3.8,1.9,1.7,8.615023474178404,0.32697547683923706,0.20027247956403268,N01,Mining and Logging
2012-08-01,5648.0,38.5,11.208343844327109,2.0,6.0,1.2,4.4,32.338881019830026,0.6518477963317821,0.21894333424582535,N02,Construction
2012-08-01,11940.0,40.6,10.386311641541766,2.2,1.9,0.9,0.8,3.9882747068676716,0.5272994540109198,0.25199496010079797,N03,Manufacturing
2012-08-01,25361.0,34.5,8.903174175140702,2.8,3.7,1.9,1.5,18.992941918694058,0.43858993522670653,0.18383574157116758,N04,"Trade, Transportation, and Utilities"
2012-08-01,2675.0,36.5,13.774476117572352,3.3,3.1,1.5,1.4,17.66355140186916,0.34074074074074073,0.16507936507936508,N05,Information
2012-08-01,7788.0,37.1,12.717577571134056,3.2,2.5,1.1,0.7,27.621982537236775,0.2979267385645221,0.10821866865005578,N06,Financial Activities
2012-08-01,18118.0,36.0,12.208700493219322,3.9,4.6,1.9,2.3,26.48084777569268,0.38209179207136607,0.17182875484597107,N07,Professional and Business Services
2012-08-01,20806.0,32.8,10.447202915822162,3.1,2.5,1.4,0.8,8.516774007497837,0.6268058690744921,0.252765237020316,N08,Private Education and Health Services
2012-08-01,13804.0,26.0,5.819466070512096,3.0,5.8,2.8,2.3,14.710953346855984,0.6836558822081056,0.32629142660166444,N09,Leisure and Hospitality
2012-08-01,5431.0,31.5,9.098896128184832,1.5,3.4,2.3,1.2,36.98950469526791,0.29752600925879835,0.1778087510577928,N10,Other Services
2012-09-01,847.0,43.3,12.471051663311906,1.7,2.8,1.8,1.5,8.004722550177096,0.3480825958702065,0.24041297935103245,N01,Mining and Logging
2012-09-01,5661.0,38.8,11.194078306603467,1.6,6.5,1.3,4.8,32.33704292527822,0.6468371025893149,0.21555774063148694,N02,Construction
2012-09-01,11934.0,40.6,10.354305997446055,2.0,1.9,0.9,0.9,3.8729679906150496,0.536131544785807,0.25789701427953265,N03,Manufacturing
2012-09-01,25387.0,34.5,8.891197541285198,2.9,3.5,1.7,1.4,18.990428171899005,0.4298396631474145,0.17950260314036215,N04,"Trade, Transportation, and Utilities"
2012-09-01,2670.0,36.5,13.748025020020346,3.4,2.2,1.4,0.9,17.50936329588015,0.3383957219251337,0.1651336898395722,N05,Information
2012-09-01,7800.0,37.3,12.735103781139752,3.7,2.6,1.3,0.5,27.264102564102565,0.2979403743064046,0.10947051631712593,N06,Financial Activities
2012-09-01,18134.0,36.1,12.215656991970219,3.7,4.7,1.9,2.4,26.048858497849345,0.38383047187586,0.17149691978745474,N07,Professional and Business Services
2012-09-01,20845.0,32.7,10.436551739064564,3.3,2.4,1.2,0.7,8.335811945310626,0.6208563535911602,0.2559852670349908,N08,Private Education and Health Services
2012-09-01,13872.0,26.1,5.800489145726469,3.0,5.2,2.8,1.9,14.43699538638985,0.677185799171119,0.32136615568981874,N09,Leisure and Hospitality
2012-09-01,5442.0,31.6,9.073003917494535,2.5,3.5,1.3,1.8,36.06945975744212,0.2956340109022365,0.17973406694176983,N10,Other Services
2012-10-01,837.0,43.3,12.420241929217141,1.5,3.5,2.8,1.6,8.4468339307049,0.32531824611032534,0.19519094766619519,N01,Mining and Logging
2012-10-01,5674.0,38.8,11.155337207193984,1.8,5.6,1.8,3.4,33.073669369051814,0.6423851646594906,0.21086006607694768,N02,Construction
2012-10-01,11941.0,40.6,10.31350641949939,2.2,2.1,0.9,1.0,4.013901683276107,0.5355727102023785,0.2622574587940747,N03,Manufacturing
2012-10-01,25427.0,34.4,8.867284297049705,2.1,3.6,1.9,1.3,19.386478939709757,0.43581368929281455,0.18200998093074208,N04,"Trade, Transportation, and Utilities"
2012-10-01,2666.0,36.4,13.72831746086566,3.1,2.4,1.4,0.7,18.79594898724681,0.33606066653362604,0.16523647974456196,N05,Information
2012-10-01,7810.0,37.2,12.744023001407367,3.2,2.5,1.2,0.8,27.836107554417417,0.29774609015639375,0.10860165593376266,N06,Financial Activities
2012-10-01,18207.0,35.9,12.182802476277638,4.0,4.9,1.8,2.6,26.495304003954523,0.38412106135986734,0.16961028192371477,N07,Professional and Business Services
2012-10-01,20875.0,32.8,10.391213876825047,3.3,2.5,1.3,0.9,8.676407185628744,0.6258281802120141,0.2528158127208481,N08,Private Education and Health Services
2012-10-01,13883.0,26.0,5.771937246911128,3.4,5.5,3.0,2.1,14.926889000936397,0.6766394827003812,0.32104425034985284,N09,Leisure and Hospitality
2012-10-01,5446.0,31.6,9.061552940363843,3.1,3.5,1.4,1.9,36.62320969518913,0.29415893707696167,0.1780897468037102,N10,Other Services
2012-11-01,844.0,43.2,12.475729624776756,2.0,3.9,1.6,1.5,7.92654028436019,0.29596412556053814,0.16292974588938713,N01,Mining and Logging
2012-11-01,5684.0,38.8,11.2216701477628,1.7,6.8,1.8,4.6,32.21850809289233,0.6470267023425982,0.2155845574182275,N02,Construction
2012-11-01,11930.0,40.6,10.365450228973963,2.1,2.1,0.9,1.0,3.793797150041911,0.5112682280159081,0.2571807335395493,N03,Manufacturing
2012-11-01,25495.0,34.6,8.89084925772652,2.6,3.5,1.7,1.1,18.53108452637772,0.43649063392951637,0.18033654354958198,N04,"Trade, Transportation, and Utilities"
2012-11-01,2674.0,36.5,13.773032532032573,3.7,2.7,1.3,0.7,16.67913238593867,0.334304932735426,0.17600896860986548,N05,Information
2012-11-01,7816.0,37.3,12.82167706671164,3.1,2.6,1.2,1.0,27.53966223132037,0.2927758420441347,0.1083855981416957,N06,Financial Activities
2012-11-01,18261.0,36.0,12.22924207239815,4.0,5.1,2.0,2.7,25.11746344668967,0.38066583818431554,0.17129962718294198,N07,Professional and Business Services
2012-11-01,20880.0,32.7,10.460585775506056,3.4,2.5,1.4,0.8,8.216954022988507,0.6277321210001748,0.25855336014454744,N08,Private Education and Health Services
2012-11-01,13910.0,26.0,5.798943995433494,3.5,5.2,3.0,1.9,13.959741193386053,0.6910083427747451,0.33185703985992376,N09,Leisure and Hospitality
2012-11-01,5448.0,31.5,9.081120350790705,2.3,4.0,1.6,2.0,33.9996328928047,0.29439075743670035,0.17777897748744803,N10,Other Services
2012-12-01,849.0,43.3,12.576712322842647,2.0,3.7,1.6,1.5,12.426383981154299,0.3137440758293839,0.1962085308056872,N01,Mining and Logging
2012-12-01,5724.0,39.1,11.22302905012953,2.2,5.6,1.3,3.3,44.42697414395528,0.6285882815572159,0.20664569406213135,N02,Construction
2012-12-01,11939.0,40.7,10.405629246478476,2.0,2.0,0.9,0.8,5.236619482368708,0.54510556621881,0.2659948816378759,N03,Manufacturing
2012-12-01,25508.0,34.5,8.961123773359686,3.0,3.5,1.7,1.3,23.99051278030422,0.43613040281068716,0.18328294795326416,N04,"Trade, Transportation, and Utilities"
2012-12-01,2677.0,36.4,13.926070728869783,3.1,2.5,1.5,0.7,22.599925289503172,0.3219834710743802,0.1690909090909091,N05,Information
2012-12-01,7829.0,37.4,12.862153524117618,3.3,2.2,0.9,0.7,44.18061055051731,0.25710485992656623,0.09352684379426986,N06,Financial Activities
2012-12-01,18298.0,36.1,12.256672188079802,3.7,5.0,2.1,2.0,33.32550005465078,0.37352203217501107,0.1674510897194116,N07,Professional and Business Services
2012-12-01,20933.0,32.8,10.492126580198166,3.3,2.5,1.3,0.7,10.868485166961257,0.6282800756010725,0.2603402048261615,N08,Private Education and Health Services
2012-12-01,13978.0,26.1,5.790996492533118,3.3,5.8,3.0,2.1,18.403205036485907,0.6925050536464002,0.3361063598196237,N09,Leisure and Hospitality
2012-12-01,5452.0,31.6,9.116818974055125,2.2,3.4,1.7,1.3,44.92663242846662,0.29725647097248303,0.1757981546501184,N10,Other Services
2013-01-01,853.0,42.8,12.607961878288496,2.1,3.5,1.4,1.6,8.968347010550996,0.338562091503268,0.19477124183006536,N01,Mining and Logging
2013-01-01,5746.0,39.0,11.205158862046193,2.1,5.9,2.3,3.2,34.84684998259659,0.6317734605204015,0.1988712980072916,N02,Construction
2013-01-01,11962.0,40.6,10.372109686246919,2.1,2.1,0.8,0.9,4.061193780304297,0.5195553725813091,0.23795800741045697,N03,Manufacturing
2013-01-01,25545.0,34.4,8.939092451193247,2.8,3.5,2.1,1.1,20.04736739087884,0.4125480853722833,0.17357598953349868,N04,"Trade, Transportation, and Utilities"
2013-01-01,2662.0,36.5,14.015081211503846,2.8,2.3,1.5,0.8,18.05785123966942,0.33638443935926776,0.15955897649261494,N05,Information
2013-01-01,7837.0,37.0,12.901471432456113,2.8,2.8,1.2,0.9,28.984305218833736,0.2821483601144618,0.10460048426150122,N06,Financial Activities
2013-01-01,18340.0,36.0,12.271289154390342,4.1,4.8,1.9,2.3,26.363685932388222,0.3699820065769064,0.16160989431449194,N07,Professional and Business Services
2013-01-01,20948.0,32.8,10.462752342681036,2.9,2.6,1.5,0.7,9.174145503150658,0.5651472577791654,0.22733895306483506,N08,Private Education and Health Services
2013-01-01,14037.0,26.0,5.783864743891332,3.2,5.7,3.3,1.8,15.122889506304766,0.6770774448841154,0.31783493499152066,N09,Leisure and Hospitality
2013-01-01,5458.0,31.6,9.111745130115374,2.7,3.4,1.9,1.0,39.8515939904727,0.2736425911452347,0.16514183255942255,N10,Other Services
2013-02-01,858.0,43.4,12.458304176665793,3.1,3.9,1.5,1.6,9.475524475524477,0.3751537515375154,0.2066420664206642,N01,Mining and Logging
2013-02-01,5784.0,39.1,11.174695303880448,2.3,6.5,1.8,3.7,33.822614107883815,0.6471400092010428,0.20600112457189593,N02,Construction
2013-02-01,11974.0,40.8,10.354731107552686,2.3,2.0,0.9,0.9,3.9719392016034742,0.5035744322960471,0.24390243902439024,N03,Manufacturing
2013-02-01,25569.0,34.6,8.890815971700503,2.5,3.7,1.9,1.2,19.48726974070163,0.4265759527966765,0.1753466995805487,N04,"Trade, Transportation, and Utilities"
2013-02-01,2698.0,36.4,13.952270356362451,3.8,3.1,1.2,0.9,17.431430689399555,0.3361684031469275,0.14756538379757603,N05,Information
2013-02-01,7852.0,37.2,12.879018790488415,3.7,2.6,1.5,0.7,27.707590422822214,0.290126861555433,0.10135135135135136,N06,Financial Activities
2013-02-01,18433.0,36.1,12.209309813383019,4.0,4.7,2.1,1.9,25.699560570715562,0.3686354808747784,0.1646753356413071,N07,Professional and Business Services
2013-02-01,20959.0,32.8,10.410540188978135,3.2,2.5,1.4,0.9,8.5714967317143,0.6064569997216811,0.23801836905093238,N08,Private Education and Health Services
2013-02-01,14082.0,26.1,5.756921399348322,3.6,5.6,3.4,1.7,14.85797471950007,0.681928977680065,0.31152320412942697,N09,Leisure and Hospitality
2013-02-01,5456.0,31.7,9.096880272348319,2.0,3.5,2.3,0.9,36.645894428152495,0.288036410923277,0.17170151045313595,N10,Other Services
2013-03-01,860.0,43.4,12.558011382715836,1.8,3.6,1.9,1.1,9.662790697674419,0.35018050541516244,0.20577617328519857,N01,Mining and Logging
2013-03-01,5802.0,39.0,11.18468068985113,2.0,6.1,1.6,4.1,34.25370561875215,0.6451645365804569,0.20685317500251585,N02,Construction
2013-03-01,11977.0,40.8,10.392540102117254,2.1,1.8,0.8,0.9,4.243132670952659,0.5192837465564738,0.24301456119637938,N03,Manufacturing
2013-03-01,25564.0,34.8,8.94602250712496,2.8,3.2,1.8,1.2,19.82866531059302,0.42726376011047545,0.17883211678832117,N04,"Trade, Transportation, and Utilities"
2013-03-01,2700.0,36.5,14.04758009660671,3.5,1.9,1.1,0.4,18.0,0.3300411522633745,0.16008230452674896,N05,Information
2013-03-01,7856.0,37.2,12.87658966256533,3.9,2.3,1.2,0.6,28.657077393075355,0.3011593301647937,0.11042508772709102,N06,Financial Activities
2013-03-01,18489.0,36.1,12.256653550425774,3.9,4.7,2.1,2.1,26.331332143436637,0.3815216498233506,0.169254785966642,N07,Professional and Business Services
2013-03-01,21007.0,32.8,10.46142189235498,3.3,2.6,1.4,0.7,8.802303993906794,0.6215996971499649,0.25315018116921745,N08,Private Education and Health Services
2013-03-01,14113.0,26.2,5.781765268079317,3.5,5.7,3.2,2.0,15.08750797137391,0.6915887850467289,0.31860235758230404,N09,Leisure and Hospitality
2013-03-01,5451.0,31.8,9.122532094609138,2.8,4.0,1.7,2.2,36.99871583195744,0.2925922253074177,0.17155890519635064,N10,Other Services
2013-04-01,857.0,43.8,12.64899890852772,2.2,3.3,1.6,1.4,8.68144690781797,0.3024193548387097,0.18548387096774194,N01,Mining and Logging
2013-04-01,5796.0,38.9,11.229653533048314,1.9,5.1,1.6,3.5,33.7232574189096,0.6446843343906682,0.20745932671646372,N02,Construction
2013-04-01,11978.0,40.8,10.444483750868216,2.0,2.0,1.0,0.9,4.110869928201703,0.5199025182778229,0.2475629569455727,N03,Manufacturing
2013-04-01,25590.0,34.5,8.986311298248035,3.0,3.5,1.9,1.2,19.53341148886284,0.4255791621654063,0.17738966910735005,N04,"Trade, Transportation, and Utilities"
2013-04-01,2696.0,36.5,14.133056079241749,2.4,2.6,1.6,0.9,17.566765578635014,0.3190456081081081,0.14907094594594594,N05,Information
2013-04-01,7872.0,37.2,12.950987286289294,3.1,2.4,1.2,0.6,28.118648373983742,0.29591145245086964,0.10892252089451096,N06,Financial Activities
2013-04-01,18551.0,36.1,12.299555214260755,4.0,5.0,2.4,2.1,25.640666271360036,0.37875793634108396,0.16831350124038177,N07,Professional and Business Services
2013-04-01,21057.0,32.7,10.496253187055915,3.3,2.7,1.4,0.8,8.634183406943059,0.624388097464386,0.2445960068203069,N08,Private Education and Health Services
2013-04-01,14152.0,26.0,5.798176853022256,3.3,6.1,3.2,2.3,14.671424533634823,0.6907479651302798,0.32052208255069115,N09,Leisure and Hospitality
2013-04-01,5455.0,31.8,9.180446683951907,2.2,3.6,1.5,2.0,36.65811182401467,0.29554433164974747,0.1782767415112267,N10,Other Services
2013-05-01,861.0,44.1,12.712759764201593,2.2,3.5,1.6,1.1,8.478513356562138,0.33013698630136984,0.2054794520547945,N01,Mining and Logging
2013-05-01,5829.0,39.1,11.229316969464364,2.0,5.8,1.6,3.3,32.96791902556185,0.6342821460165479,0.2108029349013894,N02,Construction
2013-05-01,11978.0,40.7,10.478970904684488,2.0,2.3,1.0,1.0,3.9964935715478376,0.5186964696051807,0.24503864633382078,N03,Manufacturing
2013-05-01,25625.0,34.6,8.99121577624163,3.1,3.6,1.8,1.4,18.80078048780488,0.434356643211491,0.18371837183718373,N04,"Trade, Transportation, and Utilities"
2013-05-01,2710.0,36.6,14.109955884826192,3.6,3.0,1.3,1.1,17.051660516605168,0.33975330015148236,0.15732525427396668,N05,Information
2013-05-01,7884.0,37.1,12.954250451716955,3.8,2.8,1.4,0.8,27.75621511922882,0.29580039299913174,0.11109080107846274,N06,Financial Activities
2013-05-01,18605.0,36.1,12.29015106104971,4.1,4.9,2.4,2.1,24.605751142166085,0.3831887983573254,0.17398807313396972,N07,Professional and Business Services
2013-05-01,21076.0,32.7,10.500532573212647,3.2,2.8,1.4,0.9,8.425223002467261,0.6313003322633328,0.2500422368643352,N08,Private Education and Health Services
2013-05-01,14193.0,26.0,5.804401167779968,3.2,5.7,3.1,1.9,14.290847600930036,0.6875215697875068,0.323423556673076,N09,Leisure and Hospitality
2013-05-01,5471.0,31.8,9.198207794111939,3.1,3.7,1.8,1.6,35.69914092487662,0.2851364497465568,0.170702984998208,N10,Other Services
2013-06-01,864.0,44.1,12.790122394544948,2.3,3.8,2.0,1.1,8.043981481481481,0.3251798561151079,0.20431654676258992,N01,Mining and Logging
2013-06-01,5855.0,38.9,11.224160554109574,2.2,5.8,1.7,3.8,35.05721605465414,0.6387995712754555,0.20807756016759232,N02,Construction
2013-06-01,11982.0,40.8,10.475596377637721,1.8,2.0,0.9,0.9,4.170422300116842,0.5255153091855113,0.2555533319991995,N03,Manufacturing
2013-06-01,25682.0,34.6,8.99997848953516,3.4,3.4,1.8,1.1,19.707187913713888,0.43639848257330277,0.18260491583023788,N04,"Trade, Transportation, and Utilities"
2013-06-01,2705.0,36.7,14.188302609219383,3.7,3.3,1.5,1.5,18.10720887245841,0.32441812984891794,0.16169865251122909,N05,Information
2013-06-01,7887.0,37.3,12.970810299210566,3.8,2.4,1.3,0.7,28.87663243311779,0.30098792535675084,0.10726673984632272,N06,Financial Activities
2013-06-01,18651.0,36.1,12.286777517262149,3.9,5.1,2.5,2.2,25.840973674333817,0.38754253465017846,0.17486928375798821,N07,Professional and Business Services
2013-06-01,21082.0,32.8,10.514315214351782,3.1,2.3,1.4,0.7,8.822692344179869,0.6343548387096775,0.24645161290322581,N08,Private Education and Health Services
2013-06-01,14252.0,26.0,5.794919228204522,3.3,5.7,3.0,2.0,14.543923659837217,0.6938440756464685,0.32854110382091856,N09,Leisure and Hospitality
2013-06-01,5479.0,31.8,9.202176859041925,2.7,3.4,1.3,1.6,36.89906917320679,0.29579067121729236,0.17811742592867388,N10,Other Services
2013-07-01,863.0,44.3,12.752254186346072,2.6,3.6,1.6,1.9,8.50521436848204,0.3106267029972752,0.2016348773841962,N01,Mining and Logging
2013-07-01,5859.0,38.7,11.236582224130528,1.7,5.2,1.8,3.3,35.27905785970302,0.6304789550072569,0.2,N02,Construction
2013-07-01,11962.0,40.7,10.455130957492486,1.8,2.0,1.0,0.9,4.20247450259154,0.5096479013328029,0.24587228963596577,N03,Manufacturing
2013-07-01,25725.0,34.5,8.982395878059252,2.7,3.5,1.8,1.3,19.65714285714286,0.42623793703527924,0.1774640088593577,N04,"Trade, Transportation, and Utilities"
2013-07-01,2720.0,36.6,14.096178617432372,3.7,3.3,1.3,1.7,17.647058823529413,0.32958333333333334,0.15854166666666666,N05,Information
2013-07-01,7904.0,37.0,13.00987548303993,4.1,2.8,1.3,0.9,28.743674089068826,0.2937189136845812,0.10453805185087371,N06,Financial Activities
2013-07-01,18698.0,36.0,12.267067410905968,3.6,5.2,2.8,1.7,25.96962241951011,0.3791754190864533,0.16615181844392274,N07,Professional and Business Services
2013-07-01,21073.0,32.7,10.502361528553026,3.0,2.6,1.5,0.8,8.834053053670575,0.6272561237645037,0.24097550494198539,N08,Private Education and Health Services
2013-07-01,14288.0,25.9,5.8007728638900815,3.4,5.5,3.2,2.0,14.816629339305711,0.6878129428436467,0.32262635805384976,N09,Leisure and Hospitality
2013-07-01,5484.0,31.6,9.197080291970803,2.7,3.3,1.7,1.4,37.29759299781182,0.2797007920211206,0.1651999608878459,N10,Other Services
2013-08-01,867.0,44.1,12.816119525735042,2.7,3.2,1.3,1.1,8.050749711649365,0.3022922636103152,0.18481375358166188,N01,Mining and Logging
2013-08-01,5878.0,38.9,11.218388047426497,1.9,5.1,1.6,2.9,36.184076216400136,0.6287084489162631,0.19681226197752597,N02,Construction
2013-08-01,11992.0,40.9,10.451648276334726,2.3,2.2,0.9,0.9,4.211974649766511,0.5028707186695703,0.2346070085131657,N03,Manufacturing
2013-08-01,25793.0,34.6,8.982420670276198,2.9,3.8,2.1,1.2,20.34117783894855,0.42490374718865553,0.17460831776769717,N04,"Trade, Transportation, and Utilities"
2013-08-01,2691.0,36.9,14.096874785826879,2.6,3.1,2.0,2.2,17.974730583426236,0.32354765350423814,0.15050651230101303,N05,Information
2013-08-01,7902.0,37.2,12.96604071002673,3.0,2.6,1.4,0.8,28.724373576309794,0.3022733280465239,0.10754251475900961,N06,Financial Activities
2013-08-01,18725.0,36.1,12.250702487834968,4.2,5.4,2.5,2.6,25.84939919893191,0.37479081875090386,0.164080738797182,N07,Professional and Business Services
2013-08-01,21147.0,32.7,10.4987663628264,3.4,2.8,1.4,0.9,8.959190428902446,0.6362820648157923,0.2431120025335163,N08,Private Education and Health Services
2013-08-01,14327.0,26.0,5.795524638475773,3.5,5.4,3.0,2.0,15.03175821874782,0.6782596582466568,0.31301077265973254,N09,Leisure and Hospitality
2013-08-01,5493.0,31.8,9.19231032828456,1.8,3.4,1.8,1.2,37.55507008920444,0.2773280333511077,0.16064763197440496,N10,Other Services
2013-09-01,868.0,44.3,12.802726681053676,2.1,3.5,1.3,1.6,8.099078341013824,0.30725462304409673,0.20483641536273114,N01,Mining and Logging
2013-09-01,5910.0,38.9,11.205597232213202,2.1,5.4,1.6,3.0,34.29441624365482,0.6331162423524768,0.1960232879415828,N02,Construction
2013-09-01,12010.0,40.9,10.477683006200115,2.2,2.2,1.0,0.8,4.088259783513738,0.5085539714867617,0.23319755600814665,N03,Manufacturing
2013-09-01,25858.0,34.5,9.000445312232385,3.0,3.8,2.1,1.2,19.18323149508856,0.42657850173373113,0.17397790500766067,N04,"Trade, Transportation, and Utilities"
2013-09-01,2708.0,36.7,14.190045558866851,3.6,3.5,1.2,1.6,16.88330871491876,0.31080489938757655,0.14698162729658792,N05,Information
2013-09-01,7903.0,37.2,12.952591374644607,3.1,2.8,1.3,1.1,27.914715930659245,0.2952721998096188,0.10366710484565522,N06,Financial Activities
2013-09-01,18755.0,36.1,12.271777480902955,3.9,5.2,2.3,2.4,25.012529992002133,0.37526379740359406,0.16273368719490097,N07,Professional and Business Services
2013-09-01,21133.0,32.7,10.50337409652999,3.1,2.6,1.5,0.8,8.645719964037287,0.63406491160856,0.23195227409556127,N08,Private Education and Health Services
2013-09-01,14339.0,26.0,5.801904566163121,3.7,5.8,3.1,2.5,14.347583513494664,0.687162786176056,0.3131288582122199,N09,Leisure and Hospitality
2013-09-01,5502.0,31.8,9.223101428424622,3.1,3.2,1.9,1.2,36.50672482733552,0.2765110026884397,0.16573732948322215,N10,Other Services
2013-10-01,868.0,44.1,13.02697405304084,2.4,3.6,1.3,1.8,8.778801843317973,0.2900262467191601,0.19816272965879264,N01,Mining and Logging
2013-10-01,5931.0,38.7,11.203882414868895,2.3,6.3,1.6,4.1,35.60107907604114,0.6264267108690504,0.1925171678901255,N02,Construction
2013-10-01,12033.0,40.9,10.467798467062384,2.4,1.9,0.9,0.7,4.31563201196709,0.5010591180435201,0.23762757558251493,N03,Manufacturing
2013-10-01,25882.0,34.4,8.999910129285443,2.9,3.7,2.0,1.3,20.289776678772892,0.4233347297863427,0.16936435998019575,N04,"Trade, Transportation, and Utilities"
2013-10-01,2718.0,36.8,14.242368478488801,4.4,3.0,0.7,1.6,17.740986019131714,0.31356283699709664,0.14247200331812526,N05,Information
2013-10-01,7912.0,37.1,12.975619359007826,3.2,2.4,1.1,0.8,29.125379170879675,0.3015535497309495,0.10679569519180698,N06,Financial Activities
2013-10-01,18805.0,36.1,12.29516966307041,4.2,4.6,2.4,1.9,26.372241425152886,0.37604097352448934,0.1581674833141774,N07,Professional and Business Services
2013-10-01,21158.0,32.7,10.493475814078888,3.1,2.4,1.5,0.7,8.961622081482181,0.6320341754126892,0.23411212488792785,N08,Private Education and Health Services
2013-10-01,14395.0,26.0,5.8073599835664975,3.6,5.6,3.6,1.5,14.882250781521362,0.6862250851888158,0.30555944545581853,N09,Leisure and Hospitality
2013-10-01,5509.0,31.7,9.248124483778335,3.0,3.2,1.8,1.1,37.874387366128154,0.2828181164629763,0.16333572969086987,N10,Other Services
2013-11-01,868.0,44.9,13.06279367791542,2.0,2.8,1.4,1.3,8.675115207373272,0.29747675962815406,0.20318725099601595,N01,Mining and Logging
2013-11-01,5963.0,39.0,11.213156770610851,2.5,5.2,1.3,3.3,35.401643468052995,0.6316911416390336,0.19521553765987684,N02,Construction
2013-11-01,12054.0,40.9,10.495514737291757,2.6,2.1,1.0,0.8,4.323046291687406,0.5091153329495298,0.23354442525426983,N03,Manufacturing
2013-11-01,25939.0,34.4,9.000427167876976,3.0,3.9,2.1,1.3,19.9626045722657,0.4181456518800332,0.1678221741565439,N04,"Trade, Transportation, and Utilities"
2013-11-01,2722.0,36.8,14.263135412217002,4.0,2.9,1.3,0.8,17.145481263776635,0.31754874651810583,0.14313263338332977,N05,Information
2013-11-01,7912.0,37.3,12.94318667236224,2.6,2.3,1.2,0.8,29.338978766430735,0.2926808253995606,0.10162408994959721,N06,Financial Activities
2013-11-01,18873.0,36.2,12.31524989320803,3.8,5.0,2.6,2.0,26.181317225666298,0.3677851534040314,0.15255403545697402,N07,Professional and Business Services
2013-11-01,21200.0,32.7,10.495514737291757,3.0,2.5,1.4,0.8,8.766509433962264,0.6312079634113532,0.2348130212536992,N08,Private Education and Health Services
2013-11-01,14432.0,25.9,5.80948312686886,3.6,5.5,3.3,1.6,14.605737250554325,0.6840931733004412,0.3094549077280706,N09,Leisure and Hospitality
2013-11-01,5511.0,31.8,9.248184536522853,2.6,3.2,1.9,1.0,37.9568136454364,0.2836313223061478,0.1619179653886605,N10,Other Services
2013-12-01,866.0,44.6,13.002782050025777,2.6,3.5,2.0,1.5,8.833718244803695,0.34248366013071896,0.21045751633986928,N01,Mining and Logging
2013-12-01,5932.0,38.7,11.23897085451114,2.0,4.6,1.3,3.4,36.26432906271072,0.6233265154332466,0.1966344365935292,N02,Construction
2013-12-01,12060.0,41.0,10.476356835194425,2.4,2.1,0.9,0.8,4.537313432835822,0.5310672514619883,0.23812134502923976,N03,Manufacturing
2013-12-01,26012.0,34.4,8.972430864139673,3.1,3.9,1.8,1.3,20.61856066430878,0.4176906009359909,0.16801223127552067,N04,"Trade, Transportation, and Utilities"
2013-12-01,2727.0,36.8,14.242562383104904,4.0,3.1,1.2,1.6,18.3975064173084,0.31114211680287024,0.15288020729519633,N05,Information
2013-12-01,7915.0,37.1,12.921834193226795,3.0,2.2,1.0,0.8,30.458622867972203,0.30334328853492615,0.1094242575078812,N06,Financial Activities
2013-12-01,18862.0,36.1,12.299813819929364,4.0,5.1,2.5,2.1,26.765454352666737,0.3729622660196098,0.1614737050609092,N07,Professional and Business Services
2013-12-01,21199.0,32.6,10.472096421678687,2.8,2.6,1.5,0.8,9.100429265531393,0.6516172506738545,0.24735641716773793,N08,Private Education and Health Services
2013-12-01,14454.0,25.8,5.819724862495154,3.9,5.5,3.2,1.9,15.022139200221392,0.675309722286188,0.31460415419334037,N09,Leisure and Hospitality
2013-12-01,5525.0,31.7,9.245097329146768,3.2,3.7,1.9,1.4,38.514027149321265,0.28060529160204895,0.16429343484186287,N10,Other Services
2014-01-01,871.0,44.5,12.962837033762877,2.7,3.5,1.4,1.1,8.163030998851895,0.3150492264416315,0.19690576652601968,N01,Mining and Logging
2014-01-01,5985.0,38.6,11.22454183808779,2.5,4.8,1.6,2.4,33.147869674185465,0.6253339382025304,0.18640052421997078,N02,Construction
2014-01-01,12058.0,40.7,10.480772500085003,2.1,2.0,0.9,0.9,3.865483496433903,0.5074018450976185,0.22806264750053637,N03,Manufacturing
2014-01-01,26029.0,34.4,8.98473360307368,3.0,3.6,2.1,1.3,19.03223327826655,0.4040856698762591,0.1618320918872,N04,"Trade, Transportation, and Utilities"
2014-01-01,2724.0,36.7,14.195369079596068,3.9,3.3,1.2,1.5,16.751101321585903,0.3214990138067061,0.1317115932500548,N05,Information
2014-01-01,7913.0,37.1,12.894835265716909,2.6,2.0,0.9,0.8,26.466573992164793,0.29680561524136945,0.10834168934727594,N06,Financial Activities
2014-01-01,18909.0,36.2,12.304069905817551,3.6,5.2,2.4,2.2,23.986461473372465,0.37620160507981304,0.1592733045242085,N07,Professional and Business Services
2014-01-01,21236.0,32.7,10.446771616062016,3.2,2.7,1.4,0.9,8.637690713882087,0.5880717439895328,0.22995148012865943,N08,Private Education and Health Services
2014-01-01,14489.0,26.0,5.818401278433239,4.0,5.8,3.2,2.2,13.71040099385741,0.6833123584193305,0.3144726906619683,N09,Leisure and Hospitality
2014-01-01,5533.0,31.7,9.24824045425181,2.6,3.6,1.8,1.2,38.38062533887584,0.26130156338293464,0.15205311734789978,N10,Other Services
2014-02-01,875.0,44.8,12.999528756468987,2.9,3.6,1.8,1.1,9.371428571428572,0.3024390243902439,0.20243902439024392,N01,Mining and Logging
2014-02-01,6007.0,38.3,11.360789990957219,2.3,4.7,1.6,2.4,34.977526219410684,0.6349055256770263,0.18699728713531008,N02,Construction
2014-02-01,12084.0,40.7,10.490475361605116,2.3,2.0,0.9,0.7,4.15756372062231,0.48865445859872614,0.2161624203821656,N03,Manufacturing
2014-02-01,26004.0,34.2,9.017308647531065,3.3,3.9,2.1,1.3,20.149207814182436,0.4084853805634018,0.16136727994503397,N04,"Trade, Transportation, and Utilities"
2014-02-01,2718.0,36.8,14.196742051480172,3.8,3.0,1.3,2.0,17.14495952906549,0.3137339055793991,0.13283261802575108,N05,Information
2014-02-01,7932.0,37.2,12.923110886574655,3.0,2.3,1.1,0.8,29.57513867876954,0.284112707276525,0.09834178779999148,N06,Financial Activities
2014-02-01,18971.0,36.1,12.341485987934469,4.3,5.2,2.3,2.4,26.075061936640136,0.35615662967230677,0.14912972284553339,N07,Professional and Business Services
2014-02-01,21252.0,32.6,10.443775552225247,3.3,2.5,1.5,0.8,8.745529832486355,0.6190681157860756,0.23087269988163134,N08,Private Education and Health Services
2014-02-01,14509.0,25.8,5.828985298050919,3.7,5.9,3.6,2.0,14.702598387207939,0.6816519782486405,0.30315957247327957,N09,Leisure and Hospitality
2014-02-01,5535.0,31.7,9.246562257214059,2.6,3.4,1.9,1.4,38.6576332429991,0.25975604056643453,0.15207739402720008,N10,Other Services
2014-03-01,879.0,45.0,12.947616384496754,3.8,4.1,1.8,1.4,8.555176336746303,0.2925531914893617,0.1702127659574468,N01,Mining and Logging
2014-03-01,6038.0,39.2,11.219007914315252,2.0,4.5,1.5,2.4,35.919178535939054,0.6333917373662855,0.18918295831796386,N02,Construction
2014-03-01,12096.0,41.0,10.469096886810041,2.3,2.1,1.0,0.8,4.19808201058201,0.5143757384797164,0.22252855454903506,N03,Manufacturing
2014-03-01,26055.0,34.5,9.003169115528667,3.5,3.9,2.1,1.3,20.650546919976975,0.4121921754483784,0.16228975002323204,N04,"Trade, Transportation, and Utilities"
2014-03-01,2725.0,36.9,14.269493449929671,3.7,3.3,1.4,1.7,17.58165137614679,0.31141724065957005,0.13107910665831768,N05,Information
2014-03-01,7932.0,37.2,12.968800311827412,3.2,2.5,1.2,0.8,30.412254160363087,0.2796086722215313,0.09476433279442856,N06,Financial Activities
2014-03-01,19018.0,36.3,12.320572135509346,3.9,5.3,2.7,2.1,26.356083710169315,0.36114436198228395,0.14942941505067434,N07,Professional and Business Services
2014-03-01,21292.0,32.7,10.409781890284204,3.4,2.7,1.3,1.0,8.943265076084915,0.6230963134124566,0.22875748345762,N08,Private Education and Health Services
2014-03-01,14564.0,26.2,5.8255800159303135,3.8,5.7,3.4,1.7,14.975968140620708,0.6812159002338269,0.29948191279629544,N09,Leisure and Hospitality
2014-03-01,5553.0,31.9,9.20229803243683,1.9,3.0,1.7,0.9,39.42373491806231,0.2672209026128266,0.1543486205006395,N10,Other Services
2014-04-01,886.0,45.0,13.05039159632593,2.7,4.4,2.0,0.9,9.187358916478555,0.2751842751842752,0.1928746928746929,N01,Mining and Logging
2014-04-01,6084.0,38.9,11.23196373293638,1.9,4.9,1.7,2.3,35.54733727810651,0.6268553197392148,0.18842188005733573,N02,Construction
2014-04-01,12109.0,40.9,10.436930155454437,2.2,2.1,0.9,1.0,4.129985960855562,0.5060987802439512,0.22155568886222757,N03,Manufacturing
2014-04-01,26122.0,34.5,9.007561276790096,3.5,4.3,2.2,1.4,20.383584717862337,0.41221875821657966,0.16128911091913006,N04,"Trade, Transportation, and Utilities"
2014-04-01,2721.0,36.8,14.327520002706498,4.0,2.9,1.4,1.4,17.743476662991547,0.30737365368682684,0.13256006628003314,N05,Information
2014-04-01,7945.0,37.1,12.915066732073685,3.3,2.3,1.0,0.8,30.314663310258023,0.2829561968029894,0.09296242474569234,N06,Financial Activities
2014-04-01,19076.0,36.3,12.314562646954345,4.2,5.3,2.5,2.3,26.109771440553576,0.3644066095127191,0.14995884112674926,N07,Professional and Business Services
2014-04-01,21323.0,32.7,10.403098939391379,3.3,2.7,1.5,0.9,8.782066313370539,0.6302467157962192,0.2328313574708961,N08,Private Education and Health Services
2014-04-01,14614.0,26.2,5.8189691628465585,4.3,5.9,3.5,1.9,14.877514711920076,0.679836261613467,0.3019501425811793,N09,Leisure and Hospitality
2014-04-01,5565.0,31.9,9.244379789231525,2.6,3.1,1.9,0.7,38.16531895777179,0.2759075286030416,0.1594237016808701,N10,Other Services
2014-05-01,888.0,44.5,13.050929013413926,3.5,3.9,1.7,1.9,7.961711711711712,0.32248939179632247,0.2079207920792079,N01,Mining and Logging
2014-05-01,6109.0,38.9,11.231734186511789,1.9,5.2,2.0,2.4,35.662137829431984,0.6208574313779491,0.18484347746259067,N02,Construction
2014-05-01,12120.0,41.1,10.429768949594374,2.4,2.1,1.0,0.8,4.186468646864687,0.5078833267638944,0.22960189199842335,N03,Manufacturing
2014-05-01,26165.0,34.4,9.011556741150947,3.4,4.2,2.3,1.2,20.23925090770113,0.4025606163607523,0.1592076440818793,N04,"Trade, Transportation, and Utilities"
2014-05-01,2717.0,36.7,14.325631653145813,4.0,2.7,1.4,1.1,17.320574162679424,0.3147046323841904,0.13110922226944327,N05,Information
2014-05-01,7952.0,37.2,12.907419444702386,3.5,2.4,1.1,0.8,30.06287726358149,0.2883376558186229,0.09407680080314565,N06,Financial Activities
2014-05-01,19117.0,36.4,12.333381169856237,4.3,4.9,2.4,2.1,25.699115970078985,0.36121231858983494,0.1504406765861304,N07,Professional and Business Services
2014-05-01,21375.0,32.7,10.404443731586454,3.7,2.6,1.5,0.7,8.64093567251462,0.633838657282079,0.23156469951272335,N08,Private Education and Health Services
2014-05-01,14670.0,26.1,5.83746275082518,4.6,6.1,3.1,2.3,14.590320381731425,0.6811810876471688,0.29858904877592973,N09,Leisure and Hospitality
2014-05-01,5568.0,31.8,9.235262833554225,2.5,3.4,2.0,1.1,37.074353448275865,0.28028871772513686,0.16228261396114907,N10,Other Services
2014-06-01,893.0,44.9,13.05900156387656,3.3,3.9,1.7,1.1,9.059350503919374,0.311495673671199,0.20024721878862795,N01,Mining and Logging
2014-06-01,6133.0,39.0,11.242206962833695,2.5,4.6,1.9,2.2,35.954671449535304,0.6271824407056369,0.1839372364065122,N02,Construction
2014-06-01,12146.0,41.1,10.462376333615758,2.5,2.2,0.9,0.9,4.156100773917339,0.5154516640253566,0.22880348652931853,N03,Manufacturing
2014-06-01,26238.0,34.4,8.991236389847868,3.5,4.1,2.2,1.3,20.172650354447747,0.4104555158797635,0.1625951746679514,N04,"Trade, Transportation, and Utilities"
2014-06-01,2722.0,36.6,14.369960081102388,3.6,2.9,1.4,1.0,17.1565025716385,0.3089935760171306,0.1316916488222698,N05,Information
2014-06-01,7965.0,37.2,12.962049647811627,4.2,2.3,1.0,0.7,30.65285624607658,0.2921564611918902,0.10071677247593692,N06,Financial Activities
2014-06-01,19178.0,36.2,12.35504634723118,4.6,5.4,2.6,2.2,25.81603921159662,0.36267420723086247,0.1501312866087659,N07,Professional and Business Services
2014-06-01,21424.0,32.7,10.403362123837104,3.8,2.6,1.5,0.7,8.890029873039582,0.6417095453113515,0.2312821589835136,N08,Private Education and Health Services
2014-06-01,14693.0,26.1,5.859267970880703,4.4,6.2,3.5,2.3,14.54910501599401,0.6753520138466577,0.3013986995368854,N09,Leisure and Hospitality
2014-06-01,5562.0,31.7,9.26101563455029,2.2,3.1,1.7,1.2,38.06544408486156,0.27848101265822783,0.15780275836009824,N10,Other Services
2014-07-01,897.0,44.6,13.014846440812134,3.3,3.7,1.6,1.2,8.851727982162764,0.30100755667506296,0.20654911838790932,N01,Mining and Logging
2014-07-01,6178.0,39.2,11.22535768722263,2.4,5.4,1.8,2.7,35.10683068954354,0.6189312554751256,0.1854396237724192,N02,Construction
2014-07-01,12165.0,40.9,10.454824882735855,2.4,2.2,1.1,0.7,4.001644060830251,0.49938373048479867,0.22637633525061626,N03,Manufacturing
2014-07-01,26292.0,34.5,8.985338823905886,3.4,4.1,2.3,1.3,19.765327856382168,0.41301210383512615,0.16433505878730734,N04,"Trade, Transportation, and Utilities"
2014-07-01,2725.0,36.6,14.425384634817979,4.0,3.3,1.5,1.7,16.954128440366972,0.31883116883116885,0.1303030303030303,N05,Information
2014-07-01,7979.0,37.2,12.960109137761162,3.6,2.5,1.5,0.6,30.637924551948863,0.28912705555101037,0.0976437863045079,N06,Financial Activities
2014-07-01,19216.0,36.2,12.353788242427305,4.5,5.5,2.6,2.3,25.31848459616986,0.36777521992929374,0.1550193208912275,N07,Professional and Business Services
2014-07-01,21450.0,32.7,10.408508703231185,3.9,2.7,1.6,0.7,8.734265734265733,0.6412596744061916,0.226047504670403,N08,Private Education and Health Services
2014-07-01,14703.0,26.1,5.8653125500004215,4.1,6.0,3.5,2.2,14.333129293341496,0.6798424599031982,0.3027901679795008,N09,Leisure and Hospitality
2014-07-01,5566.0,31.6,9.267446462707056,2.5,3.5,1.8,1.5,36.88825008983112,0.2846775764660043,0.1611143580751997,N10,Other Services
2014-08-01,899.0,45.0,13.021140402594122,3.5,3.3,1.6,1.1,9.299221357063404,0.319377990430622,0.22129186602870812,N01,Mining and Logging
2014-08-01,6210.0,39.1,11.256632696033016,2.0,5.5,2.0,2.5,35.57648953301127,0.6170280179242293,0.18476440501516317,N02,Construction
2014-08-01,12182.0,41.0,10.47334287880064,2.6,2.0,0.9,0.7,4.205384994253817,0.518055826664064,0.23814171383954713,N03,Manufacturing
2014-08-01,26316.0,34.5,9.007832898172325,4.3,3.9,2.1,1.3,20.144398844809245,0.4140571945974496,0.16633969667245152,N04,"Trade, Transportation, and Utilities"
2014-08-01,2733.0,36.7,14.452960498610294,3.9,2.8,1.3,1.0,16.57885107939993,0.3209004634738468,0.13440741558154934,N05,Information
2014-08-01,7994.0,37.2,12.995872989135012,4.1,2.5,1.4,0.6,30.746810107580686,0.29277025102729975,0.10155010374710119,N06,Financial Activities
2014-08-01,19274.0,36.2,12.393666301692916,4.8,5.6,2.6,2.5,25.898101068797345,0.36753746293773537,0.15562144402596362,N07,Professional and Business Services
2014-08-01,21501.0,32.8,10.439652994188494,4.1,2.4,1.4,0.7,8.807962420352542,0.6381877706199176,0.23022494455591933,N08,Private Education and Health Services
2014-08-01,14725.0,26.3,5.887307335972374,4.6,5.8,3.7,1.8,14.65874363327674,0.6742645355570999,0.3034514709288858,N09,Leisure and Hospitality
2014-08-01,5580.0,31.8,9.294196917375558,3.4,3.4,1.8,1.1,37.04838709677419,0.2807043002950709,0.16233734823199342,N10,Other Services
2014-09-01,904.0,44.8,12.990731734020558,3.2,3.7,1.6,1.5,8.517699115044248,0.3012987012987013,0.2077922077922078,N01,Mining and Logging
2014-09-01,6242.0,39.1,11.289514352968919,1.8,4.7,1.7,2.4,35.55270746555591,0.6187364816149964,0.18844628695025234,N02,Construction
2014-09-01,12201.0,41.0,10.447327530666128,2.5,2.4,1.1,0.9,4.177526432259651,0.5030410045124583,0.2187561310574848,N03,Manufacturing
2014-09-01,26363.0,34.6,8.998766196305327,3.4,4.0,2.2,1.2,20.276523916094526,0.416462445047236,0.16574688990739875,N04,"Trade, Transportation, and Utilities"
2014-09-01,2734.0,36.7,14.489824277719524,3.6,2.7,1.2,1.2,16.971470373079736,0.3293103448275862,0.14461206896551723,N05,Information
2014-09-01,8009.0,37.3,13.015997338689642,3.4,2.6,1.3,0.5,31.5857160694219,0.2850535636636755,0.09511009210578329,N06,Financial Activities
2014-09-01,19330.0,36.2,12.392779090185575,4.7,5.7,2.9,2.2,25.85463010863942,0.3617864217540068,0.15323048602357084,N07,Professional and Business Services
2014-09-01,21541.0,32.7,10.447327530666128,3.9,3.1,1.6,0.9,8.966621791003202,0.6411597204245405,0.22935542324618172,N08,Private Education and Health Services
2014-09-01,14768.0,26.2,5.907940558454081,4.6,6.2,3.7,2.1,14.767741061755146,0.6826539502040442,0.308358934384887,N09,Leisure and Hospitality
2014-09-01,5574.0,31.8,9.293531584111303,2.7,3.2,2.4,1.0,37.23179045568712,0.2737917409531152,0.15202621307762734,N10,Other Services
2014-10-01,899.0,44.7,12.980667986353872,3.7,3.1,1.8,1.4,8.85428253615128,0.3103015075376884,0.23241206030150754,N01,Mining and Logging
2014-10-01,6259.0,39.0,11.312807985511517,2.3,5.2,1.7,2.9,35.520051126378014,0.622885930190716,0.18261964735516373,N02,Construction
2014-10-01,12233.0,41.0,10.483089752769237,2.3,2.4,1.1,0.9,4.161693779122047,0.5024553132979768,0.23296012571204086,N03,Manufacturing
2014-10-01,26424.0,34.6,9.00475929747715,3.4,4.3,2.3,1.3,20.0662276718135,0.4113875110800973,0.16177885068743753,N04,"Trade, Transportation, and Utilities"
2014-10-01,2727.0,36.7,14.442151370930379,3.0,3.0,1.5,1.5,17.183718371837184,0.3126333760136577,0.14596670934699105,N05,Information
2014-10-01,8019.0,37.4,13.035420966179506,4.4,2.2,1.3,0.5,31.054994388327724,0.2827370196361884,0.09942577199534193,N06,Financial Activities
2014-10-01,19359.0,36.3,12.416291117381965,4.7,5.6,2.7,2.8,25.512164884549826,0.36202393245459513,0.15414363522241795,N07,Professional and Business Services
2014-10-01,21569.0,32.8,10.457819146695867,4.0,2.8,1.7,0.8,8.832120172469748,0.6398425196850394,0.22776902887139108,N08,Private Education and Health Services
2014-10-01,14811.0,26.2,5.930168891883923,4.3,6.0,4.0,1.7,14.595233272567686,0.6841837442753389,0.3110977471434519,N09,Leisure and Hospitality
2014-10-01,5581.0,31.8,9.30800657035758,3.1,3.4,1.9,1.1,36.80164845009855,0.28716101076001754,0.16519791615950144,N10,Other Services
2014-11-01,899.0,44.6,12.929197452981859,3.3,3.4,1.8,1.6,9.010011123470523,0.2580246913580247,0.15679012345679014,N01,Mining and Logging
2014-11-01,6272.0,39.1,11.359464602946204,2.2,5.1,1.5,3.2,35.18016581632653,0.6137774756401541,0.18101065035123498,N02,Construction
2014-11-01,12260.0,41.1,10.511302498491453,2.6,2.1,0.9,0.8,4.099510603588907,0.5053720652606446,0.2321925984878631,N03,Manufacturing
2014-11-01,26475.0,34.6,9.068161007329639,3.2,4.2,2.3,1.3,19.67403210576015,0.41229097471538,0.16453241691784898,N04,"Trade, Transportation, and Utilities"
2014-11-01,2735.0,36.6,14.5115894389049,4.4,3.9,1.4,1.4,16.961608775137112,0.30178917870230654,0.12653589135589566,N05,Information
2014-11-01,8035.0,37.4,13.110645067367702,3.5,2.9,1.6,0.7,30.482887367766022,0.28991956885640796,0.09802800800228637,N06,Financial Activities
2014-11-01,19415.0,36.3,12.473468561036023,4.8,4.8,2.4,2.0,24.842132371877415,0.3647239327403537,0.15373929630320748,N07,Professional and Business Services
2014-11-01,21626.0,32.8,10.50708278652899,3.6,2.7,1.6,0.7,8.815777305095718,0.6396013637555731,0.22239706268030424,N08,Private Education and Health Services
2014-11-01,14849.0,26.2,5.954013579033095,4.1,6.1,3.8,1.9,14.143713381372482,0.6936958384915722,0.3092086467955433,N09,Leisure and Hospitality
2014-11-01,5591.0,31.8,9.350881708814557,3.1,3.6,1.9,1.3,35.41942407440529,0.2818764833611069,0.15841034186739383,N10,Other Services
2014-12-01,895.0,45.2,13.011530061121174,2.2,3.4,1.5,1.7,6.759776536312849,0.27768595041322314,0.18677685950413223,N01,Mining and Logging
2014-12-01,6293.0,39.1,11.373448690381457,2.2,6.3,1.9,3.6,31.960908946448434,0.6278029135385075,0.1915179237309203,N02,Construction
2014-12-01,12266.0,41.0,10.539593315612143,2.4,2.2,1.1,0.9,3.7599869558128156,0.5229835212489159,0.2263660017346054,N03,Manufacturing
2014-12-01,26527.0,34.6,9.05812437566666,3.3,4.2,2.3,1.2,18.21087948128322,0.4105324169909746,0.16278877204603792,N04,"Trade, Transportation, and Utilities"
2014-12-01,2737.0,36.5,14.569188832263855,3.8,2.9,1.3,1.2,15.283156740957253,0.3091082954817117,0.13889552952426487,N05,Information
2014-12-01,8042.0,37.4,13.142745881516346,3.4,2.6,1.3,0.8,27.776672469534944,0.30405586892291164,0.10461993016384637,N06,Financial Activities
2014-12-01,19494.0,36.3,12.507830621539712,5.1,5.4,2.1,2.2,23.077357135528878,0.36646142218863226,0.15977949185320203,N07,Professional and Business Services
2014-12-01,21678.0,32.8,10.548058852411831,4.2,2.8,1.5,0.8,8.39883753113756,0.657549294227495,0.23166913824353272,N08,Private Education and Health Services
2014-12-01,14892.0,26.3,5.980901748979902,4.5,6.3,3.7,2.0,12.98751007252216,0.6883821932681867,0.3076366268548679,N09,Leisure and Hospitality
2014-12-01,5593.0,31.8,9.38828031085451,2.9,3.2,1.8,1.1,33.47398533881638,0.2885375494071146,0.1666488623010362,N10,Other Services
2015-01-01,888.0,44.9,12.996971207299774,1.7,3.4,1.5,2.3,7.31981981981982,0.3,0.19384615384615383,N01,Mining and Logging
2015-01-01,6320.0,39.0,11.53156376865306,2.3,5.6,1.7,3.3,39.223101265822784,0.6253983621767719,0.17911170277139055,N02,Construction
2015-01-01,12265.0,40.9,10.63698364622338,2.5,2.1,1.2,0.8,4.600896860986547,0.5268474215842637,0.23374091795144428,N03,Manufacturing
2015-01-01,26557.0,34.5,9.175836112921571,3.5,4.1,2.3,1.4,22.866287607787026,0.3950696571485031,0.15919046207555249,N04,"Trade, Transportation, and Utilities"
2015-01-01,2740.0,36.5,14.709453155950875,3.9,2.9,1.4,1.1,20.514598540145986,0.33428215619996443,0.1517523572318093,N05,Information
2015-01-01,8059.0,37.4,13.252565527993967,3.7,2.6,1.4,0.6,32.4122099516069,0.2834883809961334,0.09785230274491788,N06,Financial Activities
2015-01-01,19519.0,36.2,12.685998117121839,5.0,5.3,2.8,2.1,27.942517547005483,0.37179369648521293,0.15342586311215417,N07,Professional and Business Services
2015-01-01,21746.0,32.8,10.645503456913186,4.1,2.8,1.7,0.6,10.564701554308837,0.5893183598850875,0.21358927483241927,N08,Private Education and Health Services
2015-01-01,14915.0,26.3,6.027766063038079,5.1,6.1,3.9,1.9,16.15085484411666,0.6864128855494209,0.3113869400971398,N09,Leisure and Hospitality
2015-01-01,5599.0,31.9,9.448470054995378,3.2,3.4,1.7,1.4,44.518664047151276,0.26165449731204365,0.1496028243601059,N10,Other Services
2015-02-01,875.0,44.3,13.070340185772194,1.5,2.9,1.4,2.4,6.4,0.24285714285714285,0.14107142857142857,N01,Mining and Logging
2015-02-01,6361.0,39.5,11.52365493622048,2.6,5.3,1.7,2.9,36.21914793271498,0.6249403185902166,0.18186553235817526,N02,Construction
2015-02-01,12275.0,40.9,10.631336523017564,2.5,2.1,1.0,0.9,4.178411405295316,0.49405342171963346,0.21856112302593098,N03,Manufacturing
2015-02-01,26599.0,34.6,9.182381385388073,3.8,4.0,2.1,1.2,20.448137148013082,0.4026107740393455,0.15758411472697187,N04,"Trade, Transportation, and Utilities"
2015-02-01,2741.0,36.4,14.719004682547101,4.5,2.8,1.7,1.0,17.311200291864285,0.33171759747102214,0.14035827186512118,N05,Information
2015-02-01,8070.0,37.4,13.253053003713744,4.0,2.0,1.3,0.5,31.10532837670384,0.28463867420922634,0.0938969006453669,N06,Financial Activities
2015-02-01,19563.0,36.3,12.662423196879436,5.3,5.6,2.9,2.1,25.54158360169708,0.3642203854543999,0.15202033342005725,N07,Professional and Business Services
2015-02-01,21787.0,32.8,10.635585658318531,4.1,2.9,1.8,0.7,8.877771147932252,0.6387653810360873,0.22505428600971977,N08,Private Education and Health Services
2015-02-01,14972.0,26.3,6.021024721469181,4.8,6.2,3.6,2.1,14.613278119155757,0.6894282188399835,0.30124777183600715,N09,Leisure and Hospitality
2015-02-01,5606.0,31.9,9.45857517995088,2.9,4.3,2.6,1.4,37.20121298608633,0.28103572284823786,0.15449532486214337,N10,Other Services
2015-03-01,860.0,44.0,13.081838831067566,1.8,2.6,1.6,2.5,6.7441860465116275,0.30517241379310345,0.16896551724137931,N01,Mining and Logging
2015-03-01,6334.0,39.2,11.543546801369631,2.5,5.0,1.8,3.4,36.038838017050836,0.6283348666053358,0.18079467297498578,N02,Construction
2015-03-01,12286.0,40.8,10.628199477913007,2.5,2.2,1.0,0.9,4.195018720494873,0.5054326736515328,0.21944121071012807,N03,Manufacturing
2015-03-01,26646.0,34.5,9.14923551547615,3.3,4.1,2.3,1.5,20.430833896269608,0.4029573842762674,0.1574761204996326,N04,"Trade, Transportation, and Utilities"
2015-03-01,2737.0,36.4,14.700647523476961,3.9,3.0,1.7,1.1,16.960175374497627,0.3248599741490737,0.14024127531236535,N05,Information
2015-03-01,8081.0,37.5,13.272536190121029,3.3,2.4,1.1,0.8,30.753619601534467,0.29204892966360857,0.09946885562530179,N06,Financial Activities
2015-03-01,19592.0,36.1,12.666542360240024,5.3,5.5,2.8,2.4,25.585443037974684,0.36010533245556287,0.1496798132742833,N07,Professional and Business Services
2015-03-01,21829.0,32.8,10.636674916093163,4.0,2.8,1.6,0.7,8.800219890970727,0.6387298282144717,0.22785007808433108,N08,Private Education and Health Services
2015-03-01,14981.0,26.2,6.026036546089434,4.6,6.1,3.8,2.1,14.539750350443896,0.6797814709393076,0.2958406023322009,N09,Leisure and Hospitality
2015-03-01,5607.0,31.8,9.458589009051769,3.2,3.7,2.1,1.5,36.82539682539682,0.2843858969391709,0.15928903525765206,N10,Other Services
2015-04-01,844.0,43.7,13.02164912666898,1.7,2.9,1.6,3.1,6.481042654028436,0.2797074954296161,0.1809872029250457,N01,Mining and Logging
2015-04-01,6392.0,39.0,11.548458653300708,2.3,5.4,1.9,2.2,36.458072590738425,0.6207947133539307,0.18074150360453142,N02,Construction
2015-04-01,12291.0,40.8,10.625597954466562,2.6,2.1,1.1,0.8,4.241314783174681,0.48781891425282947,0.22213696527910992,N03,Manufacturing
2015-04-01,26662.0,34.5,9.165107398972152,3.6,4.0,2.3,1.3,20.670617358037656,0.40228988242125124,0.15731601103208012,N04,"Trade, Transportation, and Utilities"
2015-04-01,2742.0,36.3,14.706504897934995,3.8,3.1,1.4,1.3,16.466083150984684,0.31893687707641194,0.14330011074197122,N05,Information
2015-04-01,8086.0,37.6,13.267180872230359,4.3,2.6,1.4,0.9,30.384615384615383,0.2847897757336481,0.10110301599576703,N06,Financial Activities
2015-04-01,19635.0,36.1,12.687217955990551,6.0,5.6,2.6,2.4,25.763177998472116,0.357885580990788,0.1522357964654252,N07,Professional and Business Services
2015-04-01,21902.0,32.8,10.625597954466562,4.4,2.8,1.6,0.6,8.876814902748608,0.6384116860405308,0.22415389363234234,N08,Private Education and Health Services
2015-04-01,15023.0,26.2,6.036694296043552,4.6,6.3,3.6,2.4,14.647540437995074,0.6878436718927516,0.3013406044080891,N09,Leisure and Hospitality
2015-04-01,5614.0,31.8,9.457205510071034,2.8,3.5,2.0,1.1,37.54007837548984,0.2808540925266904,0.15905100830367735,N10,Other Services
2015-05-01,823.0,43.6,13.134965675250315,1.7,2.3,2.3,2.5,6.731470230862698,0.24729241877256317,0.16787003610108303,N01,Mining and Logging
2015-05-01,6427.0,38.9,11.527377521613833,2.4,4.8,1.8,2.1,35.32285669830403,0.6182715179279359,0.1831116201215752,N02,Construction
2015-05-01,12306.0,40.7,10.607550179113169,2.6,2.1,1.0,0.7,4.022428083861531,0.4866666666666667,0.22525252525252526,N03,Manufacturing
2015-05-01,26727.0,34.6,9.160298901692398,3.6,4.1,2.3,1.3,20.15714446065776,0.39506997809704125,0.15580799643612875,N04,"Trade, Transportation, and Utilities"
2015-05-01,2747.0,36.3,14.721456871489993,3.8,3.2,1.5,1.0,15.62067710229341,0.3199720344907947,0.12794220461430902,N05,Information
2015-05-01,8097.0,37.6,13.307960725904108,4.0,2.4,1.3,0.7,29.934543658144996,0.2718046043402921,0.09596501361498473,N06,Financial Activities
2015-05-01,19718.0,36.2,12.679271395479343,5.9,5.4,2.8,2.1,24.83669743381682,0.3542360075960223,0.1503685704367713,N07,Professional and Business Services
2015-05-01,21956.0,32.8,10.641305310948054,4.3,2.8,1.7,0.7,8.840408088905082,0.6333333333333333,0.2192684183410613,N08,Private Education and Health Services
2015-05-01,15103.0,26.2,6.03372981548601,4.4,6.4,3.5,2.1,14.22565053300669,0.6808005585292064,0.286339306492902,N09,Leisure and Hospitality
2015-05-01,5622.0,31.8,9.464095088206378,2.9,3.6,2.0,1.1,36.108146567057986,0.28216748768472905,0.1610344827586207,N10,Other Services
2015-06-01,817.0,43.6,13.03138556827697,2.2,2.8,1.7,1.3,6.474908200734394,0.27599243856332706,0.1947069943289225,N01,Mining and Logging
2015-06-01,6441.0,39.2,11.503974214940019,2.2,5.3,1.7,3.4,36.69306008383791,0.6102648726411103,0.1788948125581789,N02,Construction
2015-06-01,12307.0,40.6,10.569854874882708,2.3,2.2,1.1,0.9,4.1236694564069225,0.49576354679802953,0.22325123152709359,N03,Manufacturing
2015-06-01,26764.0,34.5,9.122390672271383,3.5,4.1,2.3,1.3,20.6422806755343,0.3937589371368581,0.1530399840715333,N04,"Trade, Transportation, and Utilities"
2015-06-01,2748.0,36.3,14.70186024396504,3.9,2.9,1.5,1.1,17.387190684133916,0.3087065717873587,0.13917957304311426,N05,Information
2015-06-01,8115.0,37.6,13.27543476522888,3.3,2.5,1.2,0.7,30.555760936537276,0.2768994999193418,0.1002581061461526,N06,Financial Activities
2015-06-01,19768.0,36.2,12.652688538524007,5.3,5.2,2.6,2.0,25.842270335896398,0.3520798668885191,0.1480082215914652,N07,Professional and Business Services
2015-06-01,22011.0,32.8,10.620347812183104,4.4,2.7,1.6,0.7,8.93507791558766,0.6333960441348452,0.21742004372807242,N08,Private Education and Health Services
2015-06-01,15108.0,26.3,6.017075028297084,4.2,6.1,4.0,1.8,14.954328832406672,0.6841942194485018,0.29053246580799363,N09,Leisure and Hospitality
2015-06-01,5615.0,31.8,9.480048978149181,3.3,4.0,2.0,1.7,37.96438112199466,0.28080874419477414,0.15940329314631516,N10,Other Services
2015-07-01,807.0,43.8,13.103170135358816,2.3,3.3,1.9,2.8,6.926889714993805,0.259391771019678,0.16636851520572452,N01,Mining and Logging
2015-07-01,6472.0,39.1,11.494156296999588,2.2,4.7,1.7,2.4,37.26977750309024,0.6170142199742963,0.17980183242817463,N02,Construction
2015-07-01,12323.0,40.8,10.59092398564911,2.7,2.2,1.0,0.9,4.110200438204982,0.49299111549851926,0.2211253701875617,N03,Manufacturing
2015-07-01,26802.0,34.6,9.137350126452525,4.5,4.1,2.3,1.3,20.78912021490933,0.3869954593585671,0.15194098960857158,N04,"Trade, Transportation, and Utilities"
2015-07-01,2752.0,36.3,14.703781812682223,4.3,3.0,1.6,1.0,18.524709302325583,0.3234601804629266,0.15182424480188308,N05,Information
2015-07-01,8134.0,37.7,13.241805792449817,4.1,2.4,1.1,0.8,31.27243668551758,0.27456067932539213,0.09954004009906829,N06,Financial Activities
2015-07-01,19803.0,36.2,12.653654519942531,5.5,5.1,2.6,2.1,26.304600313083878,0.3460290645217024,0.14466990459004433,N07,Professional and Business Services
2015-07-01,22052.0,32.9,10.595125066167018,5.0,2.9,1.7,0.7,9.143841828405586,0.6343483435826225,0.2248561793294981,N08,Private Education and Health Services
2015-07-01,15168.0,26.2,6.0117462211280746,4.8,6.3,4.0,1.6,15.04021624472574,0.6768947529917152,0.2844430806996011,N09,Leisure and Hospitality
2015-07-01,5628.0,31.9,9.435626843224078,3.4,3.9,2.0,1.4,38.51279317697228,0.28161476355247983,0.16166089965397923,N10,Other Services
2015-08-01,794.0,43.6,13.178844950069948,1.8,3.8,2.0,2.9,6.599496221662468,0.31297709923664124,0.1984732824427481,N01,Mining and Logging
2015-08-01,6490.0,39.3,11.527813370415027,2.2,5.0,1.5,2.8,37.11402157164869,0.611782289201644,0.18254660190144062,N02,Construction
2015-08-01,12318.0,40.9,10.649783853499306,2.5,2.2,1.1,0.9,4.157330735509011,0.49228666276117944,0.21714508884983402,N03,Manufacturing
2015-08-01,26822.0,34.7,9.162595102359756,3.7,3.9,2.3,1.2,20.36089777048691,0.3810700944847286,0.1500219731927049,N04,"Trade, Transportation, and Utilities"
2015-08-01,2751.0,36.3,14.838278726058993,4.0,3.0,1.4,0.9,19.665576154125773,0.321996303142329,0.1510166358595194,N05,Information
2015-08-01,8145.0,37.7,13.279671306079411,3.8,2.2,0.9,0.9,30.707182320441987,0.26992123465675105,0.0927591859581784,N06,Financial Activities
2015-08-01,19835.0,36.2,12.699919759025011,5.2,5.3,2.8,1.9,25.503403075371818,0.3497410350689914,0.1475309374135136,N07,Professional and Business Services
2015-08-01,22088.0,32.9,10.62457726449694,4.5,2.8,1.8,0.7,8.981347337921044,0.6357999798366771,0.2185704204052828,N08,Private Education and Health Services
2015-08-01,15201.0,26.2,6.024374771565288,4.4,6.7,4.3,2.1,14.577988290244065,0.6781588447653429,0.2903880866425993,N09,Leisure and Hospitality
2015-08-01,5621.0,31.9,9.477677464889322,3.5,3.5,2.1,1.9,39.13360611990749,0.27994726553620947,0.16038550711460653,N10,Other Services
2015-09-01,780.0,43.9,13.26748014720124,2.3,2.8,1.9,2.5,6.448717948717949,0.29025844930417494,0.1908548707753479,N01,Mining and Logging
2015-09-01,6508.0,38.8,11.515886449570102,1.8,5.2,1.8,2.9,38.85525507068224,0.6188159924071658,0.17372562977023767,N02,Construction
2015-09-01,12326.0,40.6,10.686405780259202,2.5,2.4,1.2,0.9,4.3777381145546,0.47405485544848036,0.2103409933283914,N03,Manufacturing
2015-09-01,26810.0,34.8,9.191656350790323,3.8,4.0,2.4,1.2,20.845953002610965,0.3817814199828228,0.15006799312911537,N04,"Trade, Transportation, and Utilities"
2015-09-01,2764.0,36.0,14.90117811518413,4.0,3.0,1.5,0.9,19.627351664254704,0.31963133640552993,0.14617511520737328,N05,Information
2015-09-01,8152.0,37.7,13.343270259117974,3.7,2.4,1.1,0.8,31.218105986261044,0.2721914417069433,0.10012181225195489,N06,Financial Activities
2015-09-01,19855.0,36.1,12.749581049103572,5.3,5.5,2.6,2.5,25.85394107277764,0.34675549841232733,0.1455593867492646,N07,Professional and Business Services
2015-09-01,22140.0,32.8,10.669563533166595,4.6,2.9,1.6,0.8,9.110207768744354,0.6308378780366881,0.21482399603371344,N08,Private Education and Health Services
2015-09-01,15279.0,26.3,6.054787829792251,4.4,6.7,4.0,2.1,15.393023103606255,0.688039457459926,0.2776053403631107,N09,Leisure and Hospitality
2015-09-01,5621.0,31.9,9.51586960732301,3.2,4.0,1.9,2.4,40.026685643124004,0.2744566425174452,0.15556246944308635,N10,Other Services
2015-10-01,770.0,43.8,13.220713994270882,2.1,3.6,1.9,2.4,6.584415584415585,0.2938856015779093,0.19723865877712032,N01,Mining and Logging
2015-10-01,6547.0,39.4,11.576011744267728,2.0,5.1,1.5,2.9,39.06980296318925,0.6262168184839125,0.17862308925290277,N02,Construction
2015-10-01,12334.0,40.7,10.688461425212317,2.5,2.3,1.1,0.9,4.393546294794876,0.49031186565787044,0.21996678353939841,N03,Manufacturing
2015-10-01,26851.0,34.6,9.228840758329723,3.9,4.0,2.3,1.2,21.113180142266582,0.38244165740593744,0.15321655994778713,N04,"Trade, Transportation, and Utilities"
2015-10-01,2766.0,36.1,14.953750636217942,3.9,3.2,1.5,1.1,19.367317425885755,0.3246219899197312,0.1525107336195632,N05,Information
2015-10-01,8167.0,37.7,13.346905982762175,3.9,2.5,1.4,0.6,32.395004285539365,0.26503382847639567,0.09626941830139471,N06,Financial Activities
2015-10-01,19930.0,36.2,12.766422835702237,5.8,5.5,2.7,2.2,26.01455092824887,0.35334734893050707,0.1495554226859799,N07,Professional and Business Services
2015-10-01,22212.0,32.8,10.688461425212317,4.6,3.0,1.7,0.7,9.216189447145688,0.6383664696399785,0.22192369693713057,N08,Private Education and Health Services
2015-10-01,15316.0,26.3,6.0698346464310795,4.9,6.6,3.9,2.2,15.38652389657874,0.6928625986590852,0.27993719765764236,N09,Leisure and Hospitality
2015-10-01,5630.0,31.9,9.523288731476068,3.2,3.7,1.9,1.4,39.207815275310836,0.26914016489988224,0.1513545347467609,N10,Other Services
2015-11-01,755.0,43.9,13.326779179638429,2.2,2.9,2.1,2.2,6.490066225165563,0.31020408163265306,0.21836734693877552,N01,Mining and Logging
2015-11-01,6598.0,39.1,11.625220047307547,1.8,5.3,1.9,2.5,37.69020915428918,0.6170178542705484,0.1804728968956088,N02,Construction
2015-11-01,12329.0,40.7,10.709319082250426,2.4,2.2,1.1,0.9,4.167410171141212,0.49279875437913584,0.21837290774620474,N03,Manufacturing
2015-11-01,26875.0,34.6,9.222030359176026,3.7,4.0,2.4,1.1,20.87106976744186,0.37471252072525,0.14957836373036673,N04,"Trade, Transportation, and Utilities"
2015-11-01,2751.0,36.0,15.028338311969314,2.5,2.8,1.5,1.1,18.702290076335878,0.3183673469387755,0.14518950437317785,N05,Information
2015-11-01,8182.0,37.5,13.335181940785743,4.2,2.6,1.1,0.7,30.190662429723783,0.2771435511294632,0.09776536312849161,N06,Financial Activities
2015-11-01,19965.0,36.1,12.78480108563674,6.1,5.6,2.8,2.3,25.709491610318057,0.3480293791034308,0.14673965984141518,N07,Professional and Business Services
2015-11-01,22260.0,32.8,10.696714940529459,4.7,3.0,1.9,0.7,9.154537286612758,0.6387280400431838,0.22023751104131906,N08,Private Education and Health Services
2015-11-01,15374.0,26.2,6.075196309507304,4.7,6.7,4.0,2.0,14.587615454663718,0.6786016854684086,0.2905872385963348,N09,Leisure and Hospitality
2015-11-01,5638.0,31.9,9.520328379905637,2.4,3.3,2.0,0.9,38.6342674707343,0.27329905426498946,0.15627582407492424,N10,Other Services
2015-12-01,746.0,44.4,13.210745244173772,2.4,4.2,2.0,2.6,6.6353887399463805,0.2404040404040404,0.17575757575757575,N01,Mining and Logging
2015-12-01,6630.0,39.6,11.61670753403628,2.3,5.1,1.9,2.3,35.33634992458522,0.6160577087246031,0.17957145296226737,N02,Construction
2015-12-01,12333.0,40.6,10.729261737627283,2.6,2.2,1.1,0.8,4.0298386442876835,0.4788732394366197,0.20140845070422536,N03,Manufacturing
2015-12-01,26909.0,34.5,9.236165729451004,3.7,4.1,2.5,1.1,19.692296257757626,0.38248726174749953,0.15004717871296472,N04,"Trade, Transportation, and Utilities"
2015-12-01,2761.0,36.0,15.0823726347046,3.9,2.7,1.4,0.8,18.565737051792826,0.31018337885290675,0.1392898946547015,N05,Information
2015-12-01,8189.0,37.7,13.378981414109125,4.8,2.7,1.7,0.7,28.472340945170348,0.284053868588094,0.09808715045462343,N06,Financial Activities
2015-12-01,20035.0,36.2,12.739683968354775,5.7,6.1,2.9,2.4,24.2136261542301,0.3475634894459103,0.14909713060686017,N07,Professional and Business Services
2015-12-01,22318.0,32.8,10.720849929130512,4.6,2.9,1.8,0.7,8.860560982166861,0.6440960809102402,0.22174462705436157,N08,Private Education and Health Services
2015-12-01,15406.0,26.3,6.106972968653396,4.6,6.8,4.2,2.1,13.945865247306244,0.6758668838724692,0.29076099604375144,N09,Leisure and Hospitality
2015-12-01,5653.0,31.9,9.555814452328178,3.6,3.9,2.3,1.2,37.49690429860251,0.2649431523328773,0.15105911213851017,N10,Other Services
2016-01-01,732.0,43.9,13.372494235268375,1.7,3.2,2.8,2.5,7.240437158469946,0.2660377358490566,0.1811320754716981,N01,Mining and Logging
2016-01-01,6631.0,39.3,11.638866914648311,2.5,4.5,1.4,2.7,38.74830342331473,0.6142290028800498,0.17844632988246284,N02,Construction
2016-01-01,12354.0,40.7,10.7678454210358,2.5,2.3,1.2,0.8,4.454427715719605,0.5064510267127021,0.2282391422860258,N03,Manufacturing
2016-01-01,26915.0,34.6,9.261441098749433,3.8,3.9,2.4,1.2,22.85937209734349,0.3674056496440529,0.14626336833208725,N04,"Trade, Transportation, and Utilities"
2016-01-01,2762.0,36.3,15.16923905542558,3.9,3.2,1.5,0.9,20.58653149891383,0.3292296869504045,0.14737952866690116,N05,Information
2016-01-01,8207.0,37.7,13.498729234342651,4.1,2.7,1.3,0.7,32.2773242354088,0.2802567006417516,0.10279350698376746,N06,Financial Activities
2016-01-01,20046.0,36.3,12.859138572366316,6.2,5.9,2.9,2.6,27.47530679437294,0.3596419558073243,0.1478657152713474,N07,Professional and Business Services
2016-01-01,22348.0,32.9,10.751014087825897,5.0,2.6,1.5,0.7,10.628244138177914,0.5907713034691815,0.20587739979791175,N08,Private Education and Health Services
2016-01-01,15454.0,26.2,6.139228788312322,4.7,6.2,4.0,1.6,15.583020577196843,0.6779752512249814,0.2961132796279379,N09,Leisure and Hospitality
2016-01-01,5647.0,32.0,9.585444263040076,3.7,3.2,2.0,1.1,45.03807331326368,0.26481343136869423,0.15067038886486062,N10,Other Services
2016-02-01,710.0,43.2,13.394512421208749,1.6,2.9,1.8,3.2,7.183098591549296,0.23137254901960785,0.13137254901960785,N01,Mining and Logging
2016-02-01,6640.0,39.0,11.692284356355547,2.8,5.4,1.6,3.4,37.54819277108434,0.6156746350072196,0.1797689716027595,N02,Construction
2016-02-01,12337.0,40.7,10.803249401692115,2.6,2.3,1.2,1.1,4.36005511874848,0.47666852574828034,0.20598624279605876,N03,Manufacturing
2016-02-01,26978.0,34.5,9.27798564061078,3.8,4.2,2.4,1.2,21.243976573504337,0.36795086543830263,0.14843313791178112,N04,"Trade, Transportation, and Utilities"
2016-02-01,2775.0,35.9,15.286345097246098,3.3,3.1,1.3,1.1,18.98018018018018,0.3014999050692994,0.13935826846402127,N05,Information
2016-02-01,8209.0,37.6,13.482994573094684,3.9,2.6,1.7,0.7,30.912413205018883,0.27309268600252207,0.0984000630517024,N06,Financial Activities
2016-02-01,20058.0,36.1,12.880473253109514,5.8,5.6,3.0,2.2,26.098813441021036,0.34503046858583736,0.14535139162161645,N07,Professional and Business Services
2016-02-01,22401.0,32.8,10.77796878686756,4.4,2.9,1.7,0.7,9.187536270702202,0.6268402895874836,0.2155386035663962,N08,Private Education and Health Services
2016-02-01,15494.0,26.2,6.164256581386726,4.7,6.8,4.2,2.1,14.724409448818898,0.6747611115981414,0.2888138862102218,N09,Leisure and Hospitality
2016-02-01,5666.0,31.9,9.593993325917685,3.9,3.6,2.0,1.2,38.98870455347688,0.2725997012357974,0.15771128513874427,N10,Other Services
2016-03-01,691.0,42.8,13.42825940860215,1.6,3.6,2.0,3.8,6.78726483357453,0.2281449893390192,0.17484008528784648,N01,Mining and Logging
2016-03-01,6678.0,38.9,11.706149193548388,3.0,5.4,2.1,2.5,37.20575022461815,0.6179264267890203,0.17902278032681318,N02,Construction
2016-03-01,12313.0,40.7,10.81149193548387,2.6,2.1,1.2,0.9,4.146024526922765,0.47992164544564153,0.2070519098922625,N03,Manufacturing
2016-03-01,27054.0,34.3,9.295194892473118,3.8,3.9,2.4,1.1,20.796924669180157,0.36966799374377934,0.14542158396132518,N04,"Trade, Transportation, and Utilities"
2016-03-01,2785.0,35.9,15.167170698924732,3.1,2.7,1.3,0.9,18.276481149012568,0.30707269155206285,0.13968565815324166,N05,Information
2016-03-01,8226.0,37.6,13.503864247311824,3.8,2.7,1.2,0.8,29.811573061026017,0.2763120336011092,0.10043632508257554,N06,Financial Activities
2016-03-01,20082.0,36.1,12.83182123655914,6.9,5.6,2.7,2.4,25.338113733691863,0.34305479128999294,0.14572360663469852,N07,Professional and Business Services
2016-03-01,22447.0,32.8,10.756888440860214,4.6,2.8,1.7,0.7,9.103666414220163,0.6239784683141669,0.21203816980670417,N08,Private Education and Health Services
2016-03-01,15535.0,26.1,6.161794354838709,5.1,6.6,4.1,2.0,14.368200836820083,0.6840195331750369,0.2883831369562296,N09,Leisure and Hospitality
2016-03-01,5673.0,31.9,9.606014784946236,3.8,4.0,2.1,1.4,38.402961396086724,0.2759570366290278,0.15858808409070044,N10,Other Services
2016-04-01,678.0,42.9,13.414674968199774,1.7,2.7,1.7,2.5,7.463126843657816,0.2707509881422925,0.16205533596837945,N01,Mining and Logging
2016-04-01,6702.0,39.1,11.703320613242283,2.6,5.3,1.7,3.2,38.53924201730827,0.6038174145340509,0.17515196097409888,N02,Construction
2016-04-01,12325.0,40.7,10.816261632188526,3.0,2.2,1.1,0.9,4.242596348884382,0.47714668196595905,0.22776821572002295,N03,Manufacturing
2016-04-01,27072.0,34.4,9.276461136774454,3.9,4.0,2.4,1.1,21.272901891252953,0.36737280777912834,0.14424379232505644,N04,"Trade, Transportation, and Utilities"
2016-04-01,2789.0,36.0,15.167871727923949,2.9,3.3,1.6,1.1,18.978128361419863,0.3094653315699981,0.1424522954846023,N05,Information
2016-04-01,8248.0,37.6,13.443964651536454,4.1,2.5,1.2,0.7,31.068137730358877,0.269190243902439,0.09545365853658537,N06,Financial Activities
2016-04-01,20113.0,36.2,12.845618263372833,5.0,5.5,2.9,2.2,26.060259533634962,0.33994085662501194,0.14301249642277974,N07,Professional and Business Services
2016-04-01,22503.0,32.8,10.74094530360849,4.7,2.8,1.7,0.7,9.471181620228414,0.6180734762820813,0.20851123727302584,N08,Private Education and Health Services
2016-04-01,15562.0,26.1,6.1675704626096275,4.7,6.5,4.2,1.8,14.70376558282997,0.6789179267546543,0.28310462372170264,N09,Leisure and Hospitality
2016-04-01,5678.0,31.9,9.590279172524605,4.7,3.2,1.9,1.2,39.44522719267348,0.27186676787069697,0.15332410590704112,N10,Other Services
2016-05-01,667.0,43.0,13.391384931352453,1.7,3.0,1.8,2.2,7.451274362818591,0.26156941649899396,0.158953722334004,N01,Mining and Logging
2016-05-01,6689.0,39.0,11.721636186794791,2.6,4.8,1.8,3.0,39.88189564957393,0.6014919218802713,0.17794354687558572,N02,Construction
2016-05-01,12303.0,40.7,10.832494980317838,2.8,2.2,1.1,1.0,4.355035357229944,0.46808510638297873,0.20586039567002612,N03,Manufacturing
2016-05-01,27089.0,34.3,9.267105532295028,3.8,3.8,2.2,1.3,22.188711285023437,0.36473289300747,0.1416307584807094,N04,"Trade, Transportation, and Utilities"
2016-05-01,2751.0,36.0,15.265677897118431,3.9,2.6,1.2,1.2,19.6982915303526,0.3024543273666728,0.1308359475918066,N05,Information
2016-05-01,8265.0,37.5,13.420605534382213,3.9,2.2,1.3,0.7,32.61101028433152,0.2736244573887879,0.09835639817460023,N06,Financial Activities
2016-05-01,20120.0,36.1,12.857065333094003,5.5,5.5,3.4,2.0,27.424950298210735,0.3398756773410174,0.14099566864205584,N07,Professional and Business Services
2016-05-01,22564.0,32.8,10.707263824476012,4.6,2.9,1.7,0.7,9.873692607693672,0.6191031913461107,0.21392342564747072,N08,Private Education and Health Services
2016-05-01,15583.0,26.1,6.173895983001958,4.6,6.6,4.3,1.8,15.312199191426554,0.6842127320732576,0.28272075772180544,N09,Leisure and Hospitality
2016-05-01,5670.0,31.9,9.588532165622379,2.9,2.9,1.7,1.4,41.05467372134039,0.26149153707363176,0.14820860898702637,N10,Other Services
2016-06-01,657.0,42.9,13.345988294161234,1.7,3.4,2.2,2.3,6.894977168949772,0.2582781456953642,0.16114790286975716,N01,Mining and Logging
2016-06-01,6701.0,39.1,11.705838765808293,2.6,3.9,1.8,2.3,33.87852559319504,0.6080962029777112,0.1798519954189058,N02,Construction
2016-06-01,12321.0,40.7,10.810833312519252,2.9,2.3,1.1,0.8,3.743202662121581,0.4867736339982654,0.21595836947094535,N03,Manufacturing
2016-06-01,27107.0,34.3,9.27059136964974,3.8,3.9,2.4,1.2,18.850481425462057,0.36805745821754277,0.13765705115660104,N04,"Trade, Transportation, and Utilities"
2016-06-01,2801.0,35.9,15.20260425772827,3.1,3.0,1.4,0.9,16.961799357372367,0.3083561355504104,0.1496527046937487,N05,Information
2016-06-01,8282.0,37.4,13.39177927084114,3.7,2.4,1.4,0.6,27.38227481284714,0.2758179733662581,0.09661345797689391,N06,Financial Activities
2016-06-01,20162.0,36.0,12.850613182805903,5.4,5.3,2.7,2.2,22.946136296002383,0.3357254020404634,0.13904980114127616,N07,Professional and Business Services
2016-06-01,22615.0,32.9,10.690111646726777,4.5,3.0,1.8,0.8,8.345346009285873,0.6251788268955651,0.21151910136173369,N08,Private Education and Health Services
2016-06-01,15639.0,26.1,6.185944667848906,4.8,6.7,4.2,1.9,13.203529637444849,0.6769819361712431,0.288246404184222,N09,Leisure and Hospitality
2016-06-01,5682.0,32.0,9.582802574285452,3.6,4.1,2.4,1.2,34.695529743048226,0.2665618342294816,0.15111088566500963,N10,Other Services
2016-07-01,652.0,43.1,13.323559668639447,1.4,3.4,1.6,1.6,8.803680981595093,0.27177700348432055,0.18292682926829268,N01,Mining and Logging
2016-07-01,6735.0,39.1,11.745057288391134,3.0,5.2,1.9,2.5,40.365256124721604,0.6141028470536305,0.171374972412271,N02,Construction
2016-07-01,12342.0,40.7,10.828776223339345,2.7,2.3,1.2,0.8,4.446605088316319,0.4806851311953353,0.20973032069970846,N03,Manufacturing
2016-07-01,27153.0,34.4,9.287758068479516,3.7,4.0,2.3,1.3,22.721614554561192,0.3666526192946058,0.14137059128630705,N04,"Trade, Transportation, and Utilities"
2016-07-01,2799.0,36.0,15.251914819180259,2.8,2.8,1.3,1.1,19.439085387638443,0.3118911964712369,0.14758316485940084,N05,Information
2016-07-01,8304.0,37.7,13.510980795581858,4.0,2.2,1.2,0.6,33.15510597302505,0.27364521284323695,0.09690541914862705,N06,Financial Activities
2016-07-01,20208.0,36.2,12.882078791841767,5.8,5.9,3.1,2.2,28.07403008709422,0.3439681308608898,0.1407318620884157,N07,Professional and Business Services
2016-07-01,22669.0,33.0,10.716323547173898,4.7,2.8,1.8,0.7,9.929860161453968,0.6204353620613061,0.2111505997334518,N08,Private Education and Health Services
2016-07-01,15679.0,26.1,6.214051586623962,4.6,6.6,4.2,2.0,15.95956374768799,0.6842904527834393,0.28985333493186266,N09,Leisure and Hospitality
2016-07-01,5690.0,32.0,9.612621355179694,3.5,2.9,1.7,1.0,41.667838312829524,0.2700240415032266,0.15251592222362817,N10,Other Services
2016-08-01,647.0,43.6,13.14099232991748,1.7,4.2,2.0,2.1,7.8516228748068,0.24015748031496062,0.14173228346456693,N01,Mining and Logging
2016-08-01,6736.0,39.0,11.723378162090253,2.7,5.0,2.2,2.6,39.13301662707838,0.6097116843702579,0.1731411229135053,N02,Construction
2016-08-01,12319.0,40.7,10.850360639381405,2.6,2.1,1.2,0.9,4.401331276889358,0.4730726669125784,0.20748801180376245,N03,Manufacturing
2016-08-01,27199.0,34.2,9.278929098505479,3.6,4.0,2.4,1.1,21.606676716055738,0.36904437789273076,0.14131840457391778,N04,"Trade, Transportation, and Utilities"
2016-08-01,2803.0,35.9,15.286121100002081,2.7,2.8,1.3,1.0,18.580092757759544,0.30952380952380953,0.14477726574500768,N05,Information
2016-08-01,8319.0,37.5,13.498513791598246,4.2,2.3,1.0,0.7,32.953479985575186,0.2523528124316043,0.08864084044648719,N06,Financial Activities
2016-08-01,20212.0,36.0,12.854143715313143,5.2,5.5,3.0,2.2,26.169107460914308,0.33775735919686917,0.14062352296145048,N07,Professional and Business Services
2016-08-01,22715.0,32.9,10.684071587436863,4.4,2.9,1.7,0.9,9.321593660576712,0.6227448757910645,0.2116274676490035,N08,Private Education and Health Services
2016-08-01,15725.0,26.0,6.227524995323121,4.9,6.6,4.1,2.1,14.445151033386328,0.6797270526084085,0.287475236627779,N09,Leisure and Hospitality
2016-08-01,5702.0,32.0,9.61982165499179,3.8,3.1,1.6,1.1,39.752718344440545,0.2643049366921075,0.15061543212599815,N10,Other Services
2016-09-01,645.0,43.8,13.210269678574981,2.3,4.4,2.2,1.7,8.248062015503876,0.2650375939849624,0.20488721804511278,N01,Mining and Logging
2016-09-01,6768.0,39.2,11.696852091418716,3.7,4.7,1.6,2.3,39.69267139479905,0.6004690291840381,0.17324300178677784,N02,Construction
2016-09-01,12317.0,40.7,10.82611868510963,2.6,2.3,1.2,0.9,4.416659900949907,0.4829044117647059,0.20643382352941175,N03,Manufacturing
2016-09-01,27211.0,34.3,9.271237602414834,3.6,4.1,2.5,1.2,22.30127521958032,0.3676092544987147,0.13978973040669698,N04,"Trade, Transportation, and Utilities"
2016-09-01,2817.0,35.8,15.345639698809169,3.5,2.9,1.7,0.5,19.215477458288962,0.3020506188804729,0.13523000184740439,N05,Information
2016-09-01,8327.0,37.5,13.512953196006238,4.1,2.2,1.1,0.7,35.28041311396662,0.24191571924569405,0.08714003676220301,N06,Financial Activities
2016-09-01,20281.0,36.1,12.841244568282084,5.6,5.4,3.1,1.7,26.86405995759578,0.33649028137217113,0.13978672246388782,N07,Professional and Business Services
2016-09-01,22779.0,32.9,10.714167247155606,4.6,2.9,1.8,0.6,9.334035734667896,0.6162167246731257,0.2123977048255103,N08,Private Education and Health Services
2016-09-01,15785.0,26.2,6.227817029886888,4.5,6.1,4.3,1.4,14.688628444726007,0.6758819977572673,0.28827740878116104,N09,Leisure and Hospitality
2016-09-01,5714.0,31.9,9.60709191627691,3.3,3.5,1.7,1.8,39.57122856142807,0.26792269249480344,0.15448233160850913,N10,Other Services
2016-10-01,644.0,44.0,13.237307697080759,1.6,4.4,2.0,1.8,7.8726708074534155,0.2682445759368836,0.15976331360946747,N01,Mining and Logging
2016-10-01,6799.0,39.2,11.75638389846985,3.1,5.2,1.9,2.7,37.481982644506544,0.6065766755611364,0.1769737874744938,N02,Construction
2016-10-01,12316.0,40.8,10.862865628916898,2.4,2.3,1.3,0.8,4.181552452094836,0.4867961165048544,0.21262135922330097,N03,Manufacturing
2016-10-01,27235.0,34.3,9.303345315854571,3.6,4.0,2.4,1.0,21.531118046631175,0.36036834924965894,0.14027967257844476,N04,"Trade, Transportation, and Utilities"
2016-10-01,2814.0,36.0,15.508333298861176,2.9,2.8,1.4,0.7,18.578535891968727,0.30087987758224943,0.1398240244835501,N05,Information
2016-10-01,8332.0,37.4,13.45655060581366,3.6,2.5,1.2,1.0,33.41454632741239,0.24162206817283863,0.08631155490104522,N06,Financial Activities
2016-10-01,20303.0,36.1,12.881555052721714,4.6,5.2,3.0,2.0,25.88632221839137,0.3370435907681184,0.14047605456932474,N07,Professional and Business Services
2016-10-01,22827.0,32.9,10.718082575980077,5.1,2.8,1.7,0.7,8.779953563762211,0.6180520906097196,0.21574693144396767,N08,Private Education and Health Services
2016-10-01,15780.0,26.0,6.238081252249308,4.6,6.2,4.4,1.7,14.20468948035488,0.6782511710907874,0.2833816640642427,N09,Leisure and Hospitality
2016-10-01,5720.0,32.0,9.65082464290294,3.2,3.1,2.0,0.9,39.08566433566433,0.26573332736950395,0.15149617569441337,N10,Other Services
2016-11-01,647.0,44.0,13.176270318065,3.1,5.0,2.1,1.5,7.913446676970634,0.25,0.14453125,N01,Mining and Logging
2016-11-01,6823.0,39.2,11.713617545222414,2.9,5.1,2.2,2.0,38.40392789095706,0.6001221234209824,0.1754760905239858,N02,Construction
2016-11-01,12311.0,40.6,10.837678596514424,2.7,2.3,1.3,0.8,4.30996669645033,0.47531096871466266,0.21579344138710893,N03,Manufacturing
2016-11-01,27209.0,34.2,9.29652186128763,3.5,3.6,2.4,1.1,21.942004483810504,0.3602726876821547,0.13637734079260327,N04,"Trade, Transportation, and Utilities"
2016-11-01,2812.0,36.0,15.46528058968871,2.8,3.0,1.3,1.0,19.08605974395448,0.2981181293087386,0.13750698714365567,N05,Information
2016-11-01,8344.0,37.4,13.4696272301323,4.1,2.2,1.1,0.7,36.623921380632794,0.23400634837527406,0.0874701397297032,N06,Financial Activities
2016-11-01,20340.0,36.1,12.85812268103427,5.7,5.5,2.9,2.3,26.376106194690266,0.33516002162202463,0.14048724114149377,N07,Professional and Business Services
2016-11-01,22865.0,32.9,10.713724971697255,5.0,2.9,1.6,0.9,9.023835556527445,0.6166335481994862,0.2122328309019532,N08,Private Education and Health Services
2016-11-01,15826.0,26.1,6.247262690785287,4.6,6.7,4.3,1.7,14.71376216352837,0.6904577857940394,0.2859658163703513,N09,Leisure and Hospitality
2016-11-01,5729.0,31.9,9.63532843578789,3.6,3.7,1.9,1.3,39.27561529062664,0.2634105150882183,0.1493711390604862,N10,Other Services
2016-12-01,647.0,43.8,13.204911039948563,3.9,4.0,1.9,0.3,8.856259659969087,0.27399650959860383,0.15357766143106458,N01,Mining and Logging
2016-12-01,6818.0,39.1,11.717091787320152,2.6,5.9,2.0,3.9,39.50278674097976,0.6120372776890803,0.1752868228567185,N02,Construction
2016-12-01,12324.0,40.7,10.839237214439677,2.9,2.4,1.3,0.8,4.280266147354755,0.48417061611374407,0.21402843601895735,N03,Manufacturing
2016-12-01,27270.0,34.4,9.23601923861571,3.8,3.8,2.2,1.0,22.398973230656402,0.362479944991978,0.1400085131462624,N04,"Trade, Transportation, and Utilities"
2016-12-01,2817.0,36.1,15.463428908204438,2.8,2.9,1.8,0.7,19.26517571884984,0.2992445181499908,0.14464713469688595,N05,Information
2016-12-01,8370.0,37.4,13.468679550109835,4.5,2.4,1.1,0.8,39.59498207885304,0.22552125765667905,0.08122868953863795,N06,Financial Activities
2016-12-01,20374.0,36.0,12.842229338476818,5.1,5.4,3.0,1.9,27.058015117306372,0.334276592657089,0.14123494413002466,N07,Professional and Business Services
2016-12-01,22928.0,32.9,10.703231576387772,5.0,2.8,1.7,0.7,9.246336357292394,0.6402830188679245,0.2184433962264151,N08,Private Education and Health Services
2016-12-01,15845.0,25.9,6.248016584445076,4.5,6.4,4.2,1.8,14.760492268854527,0.685265948349581,0.2867709936719685,N09,Leisure and Hospitality
2016-12-01,5711.0,31.9,9.639914769800155,4.1,3.3,2.0,1.1,40.124321484853795,0.265459306131355,0.15129827623827188,N10,Other Services
2017-01-01,647.0,44.0,13.221518935382443,4.1,4.4,1.9,1.9,8.500772797527048,0.28545454545454546,0.18,N01,Mining and Logging
2017-01-01,6840.0,38.9,11.719166892429952,2.3,5.8,2.2,2.7,40.51754385964912,0.6098722667243992,0.17211517644511798,N02,Construction
2017-01-01,12334.0,40.8,10.820218538860018,2.9,2.5,1.4,0.9,4.261391276147235,0.5024733637747336,0.213089802130898,N03,Manufacturing
2017-01-01,27314.0,34.3,9.243980329860683,3.5,3.9,2.4,1.1,22.827487735227354,0.34969767926737344,0.13454475469519334,N04,"Trade, Transportation, and Utilities"
2017-01-01,2821.0,36.9,15.40937040776954,3.0,3.1,1.4,0.9,20.872031194611843,0.32302989130434784,0.14521059782608695,N05,Information
2017-01-01,8397.0,37.3,13.389815202489142,4.4,2.7,1.5,0.6,37.38954388472073,0.23200407695247802,0.08268569244489744,N06,Financial Activities
2017-01-01,20415.0,36.1,12.823354596130008,4.6,5.5,3.2,1.9,26.827332843497427,0.349291557113643,0.14218156587788489,N07,Professional and Business Services
2017-01-01,22941.0,32.9,10.664236632761126,4.8,2.8,1.8,0.5,9.482585763480232,0.5982807759492507,0.20695044589500783,N08,Private Education and Health Services
2017-01-01,15874.0,26.0,6.247485817960906,4.4,6.5,4.2,2.3,14.77069421695855,0.6884889324860324,0.2884377532306905,N09,Leisure and Hospitality
2017-01-01,5729.0,31.8,9.654459030120927,4.0,4.2,2.1,1.6,41.32309303543376,0.25842696629213485,0.14813719692489652,N10,Other Services
2017-02-01,656.0,44.5,13.175905510520233,3.8,5.1,2.0,1.7,8.003048780487806,0.2838095238095238,0.17333333333333334,N01,Mining and Logging
2017-02-01,6881.0,39.0,11.680040654737999,2.7,5.5,2.3,2.3,39.18035169306787,0.6051557863501483,0.17577893175074183,N02,Construction
2017-02-01,12350.0,40.7,10.8153078202995,2.9,2.4,1.4,0.7,4.331174089068826,0.49224154047485513,0.20975883342680876,N03,Manufacturing
2017-02-01,27311.0,34.2,9.237477766940156,3.7,4.0,2.5,1.1,22.45432243418403,0.35429270281288217,0.13651854871585814,N04,"Trade, Transportation, and Utilities"
2017-02-01,2815.0,36.2,15.421751924133014,2.4,2.9,2.0,0.9,20.80994671403197,0.3086377603277569,0.14595425059747355,N05,Information
2017-02-01,8398.0,37.4,13.450488922403547,3.9,2.2,1.2,0.8,36.478923553226956,0.23561286110657745,0.08291170230128937,N06,Financial Activities
2017-02-01,20433.0,36.1,12.852142980090653,4.6,5.2,2.8,2.0,27.061126608916947,0.3257315441096683,0.1388215719607914,N07,Professional and Business Services
2017-02-01,23018.0,32.9,10.688261764054982,5.1,2.7,1.7,0.6,9.372230428360414,0.6172994020303156,0.20831595049367266,N08,Private Education and Health Services
2017-02-01,15917.0,25.9,6.262141094891109,5.3,6.4,4.0,2.1,14.782308223911542,0.6823919418589826,0.27638233669089207,N09,Leisure and Hospitality
2017-02-01,5741.0,31.8,9.671893314098835,4.4,4.0,2.3,1.4,40.51907333217209,0.26171438397386293,0.1499871034304875,N10,Other Services
2017-03-01,660.0,45.1,13.145162612959835,2.8,4.0,1.8,1.3,8.803030303030303,0.2685025817555938,0.1944922547332186,N01,Mining and Logging
2017-03-01,6902.0,38.9,11.742902596231119,2.5,5.7,2.4,2.8,40.04926108374384,0.6063960639606396,0.16854786194920773,N02,Construction
2017-03-01,12361.0,40.6,10.824463287028685,3.1,2.6,1.5,0.9,4.527950813041016,0.4641772378059675,0.2035018760050027,N03,Manufacturing
2017-03-01,27298.0,34.3,9.249995899824512,3.9,4.0,2.5,1.2,22.60934867023225,0.35533628218214813,0.13642476384905783,N04,"Trade, Transportation, and Utilities"
2017-03-01,2813.0,36.2,15.416659833040855,3.0,2.7,1.4,1.1,21.254888019907572,0.3007191838100017,0.13781568824218096,N05,Information
2017-03-01,8408.0,37.3,13.428074721598085,4.1,2.7,1.3,0.8,37.18006660323502,0.2268001663414478,0.07990787242890503,N06,Financial Activities
2017-03-01,20463.0,36.0,12.919652961146738,4.7,5.1,2.9,1.8,27.022919415530467,0.3309763639980469,0.13743964410365841,N07,Professional and Business Services
2017-03-01,23047.0,32.9,10.70145802240336,4.6,2.9,1.8,0.7,9.339610361435328,0.6246225319396052,0.21477351916376305,N08,Private Education and Health Services
2017-03-01,15941.0,26.0,6.297869548816689,4.5,6.4,4.1,2.0,14.723668527695878,0.6866771760896425,0.2883132376123727,N09,Leisure and Hospitality
2017-03-01,5748.0,31.7,9.688714676988175,4.9,3.6,1.9,1.6,40.2366040361865,0.2583016257350398,0.14666205465236942,N10,Other Services
2017-04-01,669.0,45.3,13.018391190574668,4.3,4.3,1.3,1.3,7.757847533632287,0.2678227360308285,0.15028901734104047,N01,Mining and Logging
2017-04-01,6916.0,39.1,11.707952316405464,2.9,5.5,2.3,3.0,40.57692307692307,0.6036061718276734,0.165591704379432,N02,Construction
2017-04-01,12367.0,40.8,10.864357291159042,2.9,2.6,1.5,0.9,4.4262957871755475,0.47478991596638653,0.19784435513335769,N03,Manufacturing
2017-04-01,27301.0,34.4,9.246784305856432,3.6,3.7,2.2,1.1,22.51639134097652,0.34970393024466423,0.1310515356585112,N04,"Trade, Transportation, and Utilities"
2017-04-01,2804.0,36.4,15.586032359649948,3.5,2.4,1.3,1.0,21.547788873038517,0.2952664680569348,0.13472360145647136,N05,Information
2017-04-01,8425.0,37.4,13.477044796533889,5.0,2.4,1.3,0.5,37.749554896142435,0.2298138598918375,0.0809646585335178,N06,Financial Activities
2017-04-01,20494.0,36.1,12.928298517975534,4.9,5.0,2.8,1.8,26.808822094271495,0.32967492992610387,0.1357067452950384,N07,Professional and Business Services
2017-04-01,23105.0,32.8,10.733313403742121,4.6,2.9,1.8,0.7,9.08374810647046,0.623117972174576,0.20678482942633886,N08,Private Education and Health Services
2017-04-01,16006.0,26.2,6.306487081939285,5.0,6.4,4.1,1.6,14.488941646882418,0.6864732008106593,0.2859298865939373,N09,Leisure and Hospitality
2017-04-01,5753.0,31.8,9.697247668852096,6.2,4.0,2.0,1.7,40.06605249435077,0.2583947939262473,0.14724511930585682,N10,Other Services
2017-05-01,674.0,45.4,13.057162997327913,3.7,5.6,2.1,2.3,8.427299703264095,0.2623239436619718,0.18661971830985916,N01,Mining and Logging
2017-05-01,6931.0,39.2,11.774397141030475,2.4,5.7,2.1,3.0,39.93507430385226,0.5863289858737671,0.16582969037898768,N02,Construction
2017-05-01,12377.0,40.8,10.860477697086933,2.7,2.7,1.6,0.8,4.353235840672214,0.4485894580549369,0.19265033407572382,N03,Manufacturing
2017-05-01,27307.0,34.4,9.278536417435781,3.7,3.9,2.4,1.1,22.66232101658915,0.3437237411932002,0.1303406373214401,N04,"Trade, Transportation, and Utilities"
2017-05-01,2801.0,36.2,15.647284470746381,3.8,2.8,1.0,1.4,21.174580506961796,0.2878098128477491,0.12561119541392682,N05,Information
2017-05-01,8436.0,37.4,13.466992344387796,4.1,2.7,1.5,0.6,37.87814129919393,0.21775051636727796,0.07942667584652939,N06,Financial Activities
2017-05-01,20556.0,36.0,12.917821019327553,4.7,5.4,2.8,2.1,26.565479665304533,0.3254834456489892,0.13309405215353062,N07,Professional and Business Services
2017-05-01,23140.0,32.8,10.76211865379256,4.5,2.9,1.8,0.8,9.185393258426966,0.6194307221830158,0.20522230063514468,N08,Private Education and Health Services
2017-05-01,16046.0,26.0,6.352354879428207,5.0,6.3,4.1,1.6,14.46840334039636,0.6891798759476223,0.28191764300482425,N09,Leisure and Hospitality
2017-05-01,5765.0,31.8,9.717053818789857,4.2,3.6,2.1,1.3,40.74761491760625,0.2552466902217871,0.14822698054574093,N10,Other Services
2017-06-01,677.0,45.0,13.04866011639765,3.9,4.5,2.2,1.5,8.360413589364844,0.284452296819788,0.17667844522968199,N01,Mining and Logging
2017-06-01,6962.0,39.1,11.836355221716639,2.8,5.4,2.0,3.1,41.17494972708991,0.5903160538617177,0.1632944952208191,N02,Construction
2017-06-01,12390.0,40.9,10.8615965563988,3.1,2.7,1.6,0.8,4.782082324455206,0.44253164556962027,0.1910548523206751,N03,Manufacturing
2017-06-01,27321.0,34.4,9.297067942317222,3.9,4.0,2.4,1.3,23.084074521430402,0.3481004629923257,0.13517156085495022,N04,"Trade, Transportation, and Utilities"
2017-06-01,2811.0,36.2,15.764059255497354,3.8,2.8,1.3,1.3,21.899679829242263,0.2863872644574399,0.13060428849902533,N05,Information
2017-06-01,8452.0,37.5,13.531943824412378,4.3,2.5,1.3,0.7,38.18386180785613,0.21959532736343074,0.07393176959067951,N06,Financial Activities
2017-06-01,20589.0,36.1,12.913504503139297,5.7,6.1,3.0,2.6,27.086793919083007,0.32627445354946294,0.13340744858254586,N07,Professional and Business Services
2017-06-01,23165.0,32.9,10.755110315649793,4.8,2.8,1.9,0.7,9.290740341031729,0.6268469473097296,0.20676517052318558,N08,Private Education and Health Services
2017-06-01,16087.0,26.0,6.335931324565966,5.0,6.4,4.1,2.1,14.723689935973145,0.6849615806805708,0.28628725829603985,N09,Leisure and Hospitality
2017-06-01,5769.0,31.9,9.723012905313253,4.2,3.8,2.4,1.1,41.520194141098976,0.2580052603014236,0.14361457854965975,N10,Other Services
2017-07-01,680.0,45.6,13.183591750838305,4.1,4.9,2.5,1.4,8.014705882352942,0.28807339449541286,0.1889908256880734,N01,Mining and Logging
2017-07-01,6968.0,39.0,11.85294972629717,2.9,5.3,2.2,3.2,40.950057405281285,0.5915399172916521,0.16580220088315695,N02,Construction
2017-07-01,12390.0,40.9,10.903076034932424,2.9,2.7,1.6,0.9,4.818401937046005,0.435678391959799,0.18090452261306533,N03,Manufacturing
2017-07-01,27325.0,34.4,9.318588454940366,4.0,3.6,2.4,1.0,23.260384263494966,0.3416195975392942,0.13031986028729212,N04,"Trade, Transportation, and Utilities"
2017-07-01,2809.0,36.2,15.836687233615704,3.4,3.0,1.8,0.9,22.356710573157706,0.28232484076433123,0.12245222929936306,N05,Information
2017-07-01,8465.0,37.5,13.588925782929294,4.0,2.5,1.3,0.8,38.20437093916125,0.21802721088435373,0.07529375386518243,N06,Financial Activities
2017-07-01,20632.0,36.1,12.94612332799712,5.2,5.7,2.9,2.3,26.90965490500194,0.32451368876080694,0.13404178674351586,N07,Professional and Business Services
2017-07-01,23232.0,32.9,10.800718956121568,4.7,2.9,1.7,0.8,9.149449035812673,0.6190722619495672,0.20605946556266466,N08,Private Education and Health Services
2017-07-01,16122.0,26.0,6.342044603120662,5.1,6.3,3.8,2.3,14.683041806227514,0.6925059141601893,0.2835417370733356,N09,Leisure and Hospitality
2017-07-01,5775.0,31.8,9.764865318555701,5.5,4.2,2.3,1.5,41.66060606060606,0.2535433725424997,0.1425661914460285,N10,Other Services
2017-08-01,683.0,45.0,13.051475836416065,4.1,4.4,1.9,1.3,7.423133235724744,0.26627218934911245,0.1834319526627219,N01,Mining and Logging
2017-08-01,7002.0,39.0,11.815664218155417,2.9,5.6,2.2,2.8,41.44815766923736,0.5933085245675694,0.1612569774653711,N02,Construction
2017-08-01,12435.0,40.8,10.832724944225333,3.3,3.0,1.5,0.8,4.610373944511459,0.45386359672073956,0.18838304552590268,N03,Manufacturing
2017-08-01,27333.0,34.4,9.278783602452046,4.4,3.7,2.4,1.1,23.270039878535105,0.3422426262499214,0.1307779384944343,N04,"Trade, Transportation, and Utilities"
2017-08-01,2813.0,36.0,15.743342727676879,4.1,3.2,1.6,1.1,22.22182723071454,0.289553671412574,0.126219804831227,N05,Information
2017-08-01,8476.0,37.5,13.593927800867107,3.5,2.5,1.2,0.8,39.38296366210477,0.21718941913064319,0.07866750546718193,N06,Financial Activities
2017-08-01,20671.0,36.0,12.912803905654144,5.1,5.6,3.2,1.9,26.86759227903827,0.32512874068205555,0.1356368612481544,N07,Professional and Business Services
2017-08-01,23269.0,32.9,10.771546151242134,4.8,3.0,1.7,1.1,9.276290343375306,0.6158443363446838,0.20704192726430393,N08,Private Education and Health Services
2017-08-01,16150.0,26.0,6.338122953059551,5.3,6.3,3.8,2.1,14.511455108359133,0.6964925755248336,0.2857996245093019,N09,Leisure and Hospitality
2017-08-01,5777.0,31.8,9.75189960152213,4.2,4.1,2.3,1.3,42.33339103340835,0.24689237814851162,0.14160124304874058,N10,Other Services
2017-09-01,685.0,45.4,12.972994907379226,3.6,4.1,2.5,1.0,7.401459854014599,0.2682445759368836,0.15976331360946747,N01,Mining and Logging
2017-09-01,7013.0,39.0,11.820561202751232,2.7,5.7,2.4,2.9,40.894053899900186,0.5854806652951637,0.16405732417448307,N02,Construction
2017-09-01,12443.0,40.7,10.83044210440887,3.4,2.6,1.5,0.9,4.392027646066062,0.4706312900274474,0.19359560841720036,N03,Manufacturing
2017-09-01,27355.0,34.4,9.26004828859537,4.2,3.7,2.4,1.0,21.991592030707366,0.3453406030785598,0.129941154958609,N04,"Trade, Transportation, and Utilities"
2017-09-01,2816.0,36.1,15.64307018077789,3.6,3.4,1.8,1.5,21.13991477272727,0.28825802116579874,0.12833865278011086,N05,Information
2017-09-01,8480.0,37.5,13.610079737050338,5.0,2.3,1.3,0.5,39.090801886792455,0.21068508853962412,0.07602039277202932,N06,Financial Activities
2017-09-01,20668.0,36.0,12.924300525493537,5.1,5.6,3.3,2.1,26.0402554673892,0.32244518766257896,0.1347640282422891,N07,Professional and Business Services
2017-09-01,23295.0,32.9,10.765516261894618,4.7,2.8,1.7,0.7,8.95556986477785,0.6120218579234973,0.20506183491515675,N08,Private Education and Health Services
2017-09-01,16140.0,26.0,6.32621177998255,4.7,6.3,3.9,2.1,14.00185873605948,0.6851188105668392,0.27912739501747863,N09,Leisure and Hospitality
2017-09-01,5780.0,31.6,9.763223568080832,4.8,3.5,2.2,1.2,40.38581314878893,0.24551257336246413,0.1438118493766868,N10,Other Services
2017-10-01,686.0,45.6,12.99133100321945,4.0,4.6,2.7,1.6,7.346938775510204,0.2757936507936508,0.1984126984126984,N01,Mining and Logging
2017-10-01,7031.0,39.2,11.803297300365735,2.8,5.6,2.6,2.6,41.90726781396671,0.5952146614627524,0.16422874596979467,N02,Construction
2017-10-01,12457.0,41.0,10.834218614420214,3.3,2.8,1.6,0.8,4.5267720960102755,0.4493704557545664,0.1799964532718567,N03,Manufacturing
2017-10-01,27374.0,34.4,9.256931548174158,4.1,3.7,2.4,1.0,23.450354350843867,0.3362827722648887,0.12647796488713722,N04,"Trade, Transportation, and Utilities"
2017-10-01,2811.0,36.1,15.647174263865123,3.1,3.2,1.6,1.4,21.095695482034863,0.2860033726812816,0.12411467116357504,N05,Information
2017-10-01,8481.0,37.5,13.700907446903408,4.6,2.7,1.5,0.9,40.57658295012381,0.21070525673437362,0.0757271961177462,N06,Financial Activities
2017-10-01,20709.0,36.0,12.91023655251271,6.0,5.7,3.2,2.0,27.158723260418178,0.3171772487242857,0.13125188912397986,N07,Professional and Business Services
2017-10-01,23313.0,32.9,10.728795828501456,4.6,2.9,1.9,0.7,9.27594046240295,0.6214566473988439,0.2065664739884393,N08,Private Education and Health Services
2017-10-01,16133.0,26.1,6.313202987519564,4.7,6.3,4.0,2.1,14.610425835244529,0.6813032964235713,0.2823384667600017,N09,Leisure and Hospitality
2017-10-01,5793.0,31.7,9.771881310161946,4.5,4.1,2.0,1.8,43.28672535819092,0.24421757856117404,0.1381001754665816,N10,Other Services
2017-11-01,691.0,45.7,12.989113731579883,3.8,5.0,2.1,1.8,8.075253256150507,0.25985663082437277,0.1863799283154122,N01,Mining and Logging
2017-11-01,7068.0,39.5,11.812329143818443,3.3,5.1,2.0,2.4,42.98104131295982,0.5961025708548668,0.15978142796010403,N02,Construction
2017-11-01,12472.0,41.0,10.805389754290614,3.4,2.7,1.6,0.9,4.538967286722258,0.4624624624624625,0.1906023670729553,N03,Manufacturing
2017-11-01,27416.0,34.6,9.244431503857912,4.5,3.9,2.4,1.3,24.248249197548873,0.3377006272657531,0.130612674679222,N04,"Trade, Transportation, and Utilities"
2017-11-01,2815.0,36.0,15.633846104074667,3.3,3.1,1.7,0.9,22.53641207815275,0.2834174022698613,0.12704918032786885,N05,Information
2017-11-01,8489.0,37.6,13.619967325019006,4.2,2.3,1.4,0.6,42.788314289079985,0.20064421991575584,0.07144233681138673,N06,Financial Activities
2017-11-01,20725.0,36.2,12.896103265880527,4.8,5.4,3.3,1.6,27.811821471652593,0.31852879944483,0.13573907009021513,N07,Professional and Business Services
2017-11-01,23354.0,32.9,10.732598955047637,4.6,3.0,1.8,0.8,9.463475207673204,0.6142256006515542,0.20401791774127867,N08,Private Education and Health Services
2017-11-01,16160.0,26.2,6.320667734265056,5.1,6.4,4.1,2.0,15.204826732673267,0.6876399006959424,0.2774408855968418,N09,Leisure and Hospitality
2017-11-01,5803.0,31.7,9.770142831723847,4.2,3.5,1.6,1.4,44.30811649146993,0.25252800248911017,0.14168481642812694,N10,Other Services
2017-12-01,694.0,45.7,12.977946369120879,3.2,4.4,2.6,1.6,7.449567723342939,0.30174081237911027,0.23017408123791103,N01,Mining and Logging
2017-12-01,7091.0,39.1,11.81977764774722,3.2,4.5,2.1,1.9,40.38358482583557,0.6036806816594497,0.16852912417935464,N02,Construction
2017-12-01,12501.0,40.8,10.794778152176105,3.1,2.8,1.7,0.9,4.23806095512359,0.473763684409211,0.20196300490751226,N03,Manufacturing
2017-12-01,27404.0,34.5,9.25324347773451,4.9,4.0,2.5,1.2,22.961246533352796,0.34381704623110787,0.13069942628291722,N04,"Trade, Transportation, and Utilities"
2017-12-01,2818.0,36.2,15.677649764936138,4.3,3.4,1.8,1.5,21.31653655074521,0.28733144664558014,0.13267854170134843,N05,Information
2017-12-01,8496.0,37.6,13.728536550917052,4.1,2.3,1.4,0.6,42.309322033898304,0.19865909976075224,0.07352695710232014,N06,Financial Activities
2017-12-01,20764.0,36.0,12.901273178507294,4.5,5.2,3.1,1.8,26.46551724137931,0.3167979910104999,0.13376885702327443,N07,Professional and Business Services
2017-12-01,23383.0,33.0,10.742317548072073,4.7,2.9,1.7,0.8,8.953940897233032,0.6295553326646607,0.20107942876247792,N08,Private Education and Health Services
2017-12-01,16183.0,26.1,6.339662234418192,5.2,6.1,4.2,1.7,14.387320027189025,0.6871107675127776,0.28196538246789504,N09,Leisure and Hospitality
2017-12-01,5805.0,31.8,9.769778656604993,3.1,3.8,1.9,1.7,41.99138673557278,0.24212340006563834,0.1366918280275681,N10,Other Services
2018-01-01,698.0,45.4,12.975218899055289,3.7,4.7,2.8,1.2,9.498567335243553,0.26395173453996984,0.17043740573152338,N01,Mining and Logging
2018-01-01,7093.0,38.8,11.805882045656375,3.4,4.9,2.2,2.4,43.59227407302975,0.5877749029754205,0.16280724450194048,N02,Construction
2018-01-01,12527.0,40.8,10.785223761246328,3.4,2.9,1.7,0.9,4.744152630318512,0.4645801783610971,0.1916540467777217,N03,Manufacturing
2018-01-01,27370.0,34.5,9.226107956714445,4.8,4.1,2.4,1.3,25.155644866642312,0.3313822602431337,0.12967131922557407,N04,"Trade, Transportation, and Utilities"
2018-01-01,2817.0,35.9,15.651433140854861,4.3,3.3,1.7,1.4,23.283635072772455,0.31391980484830007,0.13584387864003658,N05,Information
2018-01-01,8503.0,37.5,13.77888683953564,4.4,2.5,1.4,0.8,46.110784429025045,0.22084778616608855,0.07748418690063252,N06,Financial Activities
2018-01-01,20822.0,35.9,12.918962143221663,5.1,5.2,2.7,1.9,29.197963692248585,0.34176590565168763,0.13384104217382722,N07,Professional and Business Services
2018-01-01,23438.0,32.9,10.712893646603096,4.7,2.9,1.6,0.8,10.3280996672071,0.5997025653736523,0.19990085512455075,N08,Private Education and Health Services
2018-01-01,16209.0,26.0,6.332903370985175,5.4,6.3,3.8,2.4,15.480288728484176,0.6946835644827036,0.2919655667144907,N09,Leisure and Hospitality
2018-01-01,5809.0,31.6,9.748492118026673,3.5,3.5,1.9,1.3,45.33138233775176,0.25261079254167773,0.14134356131090267,N10,Other Services
2018-02-01,707.0,46.0,12.916334373960542,3.9,4.8,2.9,1.0,8.52899575671853,0.3200663349917081,0.19402985074626866,N01,Mining and Logging
2018-02-01,7184.0,39.3,11.834295813312282,2.9,5.9,2.1,2.5,41.32516703786192,0.6065413635138777,0.16434249528428996,N02,Construction
2018-02-01,12551.0,41.0,10.752257252664018,3.4,3.0,1.7,0.9,4.425942156003505,0.46552655265526555,0.19513951395139514,N03,Manufacturing
2018-02-01,27447.0,34.6,9.217365516633338,4.5,3.9,2.4,1.1,24.125405326629505,0.33770783937659515,0.12711237295558542,N04,"Trade, Transportation, and Utilities"
2018-02-01,2819.0,36.0,15.689559129399788,4.4,3.3,1.7,1.3,21.670805250088684,0.3047962023244393,0.13373710918317236,N05,Information
2018-02-01,8527.0,37.6,13.709829318435935,4.5,2.4,1.5,0.5,47.63574527969978,0.19628745168517198,0.06932716216548905,N06,Financial Activities
2018-02-01,20861.0,36.2,12.868243771265064,5.1,5.6,3.1,2.1,27.920042183979675,0.3226426756404093,0.1377480942242978,N07,Professional and Business Services
2018-02-01,23494.0,33.0,10.692143999294672,4.8,2.8,1.7,0.7,9.54158508555376,0.6222955792478922,0.20404157558995406,N08,Private Education and Health Services
2018-02-01,16231.0,26.1,6.307884053556902,5.3,6.5,4.3,2.0,14.914053354691639,0.696905853678688,0.2858264138472343,N09,Leisure and Hospitality
2018-02-01,5814.0,31.7,9.714301744486614,3.9,3.2,1.9,1.0,43.32989336085311,0.24535566846617973,0.14004445855827247,N10,Other Services
2018-03-01,714.0,45.8,13.018026500839422,3.7,4.9,2.5,1.2,8.193277310924369,0.27008547008547007,0.17606837606837608,N01,Mining and Logging
2018-03-01,7194.0,39.3,11.824006218521738,3.0,5.2,2.2,2.5,41.17180984153461,0.6076842567271008,0.16722374151726932,N02,Construction
2018-03-01,12576.0,40.9,10.782243556096915,3.2,2.8,1.7,0.9,4.566634860050891,0.4609089326136166,0.192234024029253,N03,Manufacturing
2018-03-01,27519.0,34.6,9.239633459814005,4.9,4.1,2.4,1.2,24.44892619644609,0.336082995199239,0.12538458108529896,N04,"Trade, Transportation, and Utilities"
2018-03-01,2826.0,36.1,15.754656879440013,4.4,3.3,1.6,1.3,22.112526539278132,0.29412706032965275,0.1401824291886702,N05,Information
2018-03-01,8538.0,37.5,13.783321379774577,4.7,2.2,1.3,0.5,49.013820566877484,0.1933903651309501,0.06793634104377748,N06,Financial Activities
2018-03-01,20908.0,36.2,12.909843455126074,5.4,5.6,3.1,2.1,28.073942988329826,0.32539993526074584,0.13717907218426836,N07,Professional and Business Services
2018-03-01,23523.0,32.9,10.750189320329998,5.0,2.9,1.8,0.9,9.692216128895124,0.6294574323435238,0.20720207026623974,N08,Private Education and Health Services
2018-03-01,16239.0,26.0,6.34673868184969,5.4,6.4,4.4,1.9,14.836504710881211,0.698003569501515,0.28526958037604283,N09,Leisure and Hospitality
2018-03-01,5816.0,31.6,9.752501232084686,3.7,3.7,2.8,0.6,44.77991746905089,0.24032406696360006,0.13634618338196897,N10,Other Services
2018-04-01,722.0,45.6,12.92026839629616,4.6,5.4,3.0,1.3,8.171745152354571,0.288135593220339,0.19661016949152543,N01,Mining and Logging
2018-04-01,7212.0,39.4,11.84924088927254,3.0,4.8,2.4,2.2,41.19384359400998,0.5957453970177388,0.1625096772021946,N02,Construction
2018-04-01,12595.0,41.1,10.766224268364326,3.4,2.9,1.6,0.9,4.557364033346566,0.45905923344947736,0.18397212543554006,N03,Manufacturing
2018-04-01,27517.0,34.4,9.24360680502104,5.2,4.2,2.6,1.3,24.120725369771414,0.341192954966628,0.12590963192864568,N04,"Trade, Transportation, and Utilities"
2018-04-01,2838.0,36.0,15.765684758239521,5.9,3.3,1.6,1.2,21.78646934460888,0.29289988678634965,0.13747371825974447,N05,Information
2018-04-01,8544.0,37.6,13.775491853397115,3.4,2.3,1.1,0.7,48.357911985018724,0.1844277174044582,0.06392042016603335,N06,Financial Activities
2018-04-01,20952.0,36.1,12.900286539821842,5.4,5.4,3.2,1.6,27.418862161130203,0.3194889291185072,0.13384277955716475,N07,Professional and Business Services
2018-04-01,23546.0,32.9,10.730256926710547,4.9,2.8,1.9,0.7,9.56085959398624,0.6217128642501777,0.2066453447050462,N08,Private Education and Health Services
2018-04-01,16226.0,26.0,6.3462376162444505,5.6,6.4,4.4,1.9,14.820041908048811,0.6965941697509045,0.2797022497608849,N09,Leisure and Hospitality
2018-04-01,5824.0,31.7,9.73915684558421,3.7,3.8,2.1,1.4,43.78949175824176,0.2328353527036035,0.13053366270634828,N10,Other Services
2018-05-01,726.0,46.1,12.887173434559315,3.8,5.7,3.1,1.5,7.672176308539945,0.289048473967684,0.19569120287253142,N01,Mining and Logging
2018-05-01,7274.0,39.5,11.842483013812242,3.5,5.5,2.3,2.3,42.610668133076715,0.5793192450395225,0.16092918212614937,N02,Construction
2018-05-01,12623.0,40.9,10.737982072793391,3.5,2.9,1.6,0.9,4.745306187118751,0.45542570951585976,0.19165275459098496,N03,Manufacturing
2018-05-01,27565.0,34.5,9.254681170053273,5.1,4.0,2.6,1.1,24.75530564121168,0.33771505612708463,0.125399337612474,N04,"Trade, Transportation, and Utilities"
2018-05-01,2841.0,35.9,15.797952087785895,4.3,3.4,1.8,1.1,21.74234424498416,0.2918892666342885,0.13793103448275862,N05,Information
2018-05-01,8574.0,37.6,13.804268078726592,4.1,2.4,1.3,0.7,49.575460695124804,0.18609137533524678,0.06509669223168493,N06,Financial Activities
2018-05-01,21011.0,36.1,12.915085010686148,5.6,5.6,3.0,2.0,28.100042834705633,0.32377500381091107,0.1341101946105249,N07,Professional and Business Services
2018-05-01,23583.0,32.9,10.749944176847746,4.9,3.1,2.1,0.7,9.733282449221898,0.618497865295809,0.20240480961923848,N08,Private Education and Health Services
2018-05-01,16261.0,26.1,6.327953044754218,5.7,6.9,4.3,2.0,15.08394317692639,0.6990786040443575,0.28074037834311805,N09,Leisure and Hospitality
2018-05-01,5835.0,31.7,9.761076908354333,4.3,4.1,2.1,1.6,43.50814053127678,0.24484972623783827,0.14168669003820852,N10,Other Services
2018-06-01,730.0,46.3,12.927359790931328,3.7,5.8,2.8,2.0,8.205479452054794,0.2904841402337229,0.19198664440734559,N01,Mining and Logging
2018-06-01,7292.0,39.3,11.851739715876949,3.8,5.1,2.4,2.4,42.03373560065826,0.5894750579100192,0.16025578284558414,N02,Construction
2018-06-01,12656.0,41.0,10.752216972488029,3.5,2.9,1.6,0.9,4.5164348925410875,0.47008397480755776,0.1847445766270119,N03,Manufacturing
2018-06-01,27542.0,34.6,9.250332645467656,5.1,4.1,2.6,1.2,24.95534093384649,0.3397253098993191,0.12605482162602571,N04,"Trade, Transportation, and Utilities"
2018-06-01,2838.0,35.7,15.863404218024204,4.5,3.1,1.8,1.3,22.318534178999293,0.2849700031575624,0.133722766024629,N05,Information
2018-06-01,8591.0,37.6,13.791839629030585,4.1,2.6,1.4,0.7,51.06390408567105,0.17894184959766576,0.06378080193302788,N06,Financial Activities
2018-06-01,21060.0,36.2,12.939311125098596,5.7,5.7,3.1,2.1,28.545584045584043,0.32052497629622234,0.13478716502819502,N07,Professional and Business Services
2018-06-01,23615.0,33.0,10.760184528599543,5.1,3.1,1.9,0.8,9.717975862799069,0.6164538759858817,0.20528127587258704,N08,Private Education and Health Services
2018-06-01,16310.0,26.1,6.346158442820833,6.1,6.4,4.2,1.8,15.361128142244024,0.6950985870519677,0.27971581384210104,N09,Leisure and Hospitality
2018-06-01,5844.0,31.8,9.740337346325761,3.8,3.4,1.7,1.4,44.211156741957566,0.23806943530595656,0.13925765375237062,N10,Other Services
2018-07-01,730.0,46.1,12.905331709220027,3.6,5.1,2.9,1.9,8.0,0.2825342465753425,0.18493150684931506,N01,Mining and Logging
2018-07-01,7318.0,39.5,11.914144912305842,3.6,5.3,2.7,2.2,41.42388630773436,0.5899914231048361,0.1579468232499835,N02,Construction
2018-07-01,12676.0,41.0,10.739847301503898,3.5,3.0,1.7,0.9,4.398863994951089,0.4616212338593974,0.19207317073170732,N03,Manufacturing
2018-07-01,27545.0,34.5,9.270980120534682,5.1,4.0,2.6,1.1,24.669449990923944,0.3387832587708971,0.12266011302095597,N04,"Trade, Transportation, and Utilities"
2018-07-01,2841.0,36.0,15.839085401291328,5.0,3.0,1.7,1.0,20.985568461809223,0.28631331767863133,0.12915129151291513,N05,Information
2018-07-01,8600.0,37.6,13.836808458127333,4.8,2.4,1.5,0.5,50.19418604651163,0.17416081729098618,0.061273658118470124,N06,Financial Activities
2018-07-01,21073.0,36.2,12.976983766828281,5.6,5.3,3.1,1.9,27.77535234660466,0.317284857596829,0.13225470263620986,N07,Professional and Business Services
2018-07-01,23643.0,32.9,10.763731320706649,5.0,2.9,1.9,0.8,9.783445417248235,0.6167480869828369,0.19821884051705504,N08,Private Education and Health Services
2018-07-01,16329.0,26.1,6.369071787400384,5.9,6.7,4.5,2.1,14.727784922530468,0.6911306083413031,0.27256850596698406,N09,Leisure and Hospitality
2018-07-01,5829.0,31.8,9.73273782512121,3.7,3.3,2.0,1.5,43.46543146337279,0.23705399431638774,0.13435427849700032,N10,Other Services
2018-08-01,737.0,46.0,12.93793684411296,4.0,6.1,2.7,1.9,9.213025780189959,0.29013254786450665,0.17525773195876287,N01,Mining and Logging
2018-08-01,7347.0,39.1,11.924677048274877,3.7,5.2,2.4,2.2,40.57982850142915,0.5902931508687194,0.16361440933789495,N02,Construction
2018-08-01,12688.0,40.9,10.748500971537334,3.8,2.9,1.6,0.9,3.936002522068096,0.4751702042450941,0.1896275530636764,N03,Manufacturing
2018-08-01,27602.0,34.5,9.3021222825763,4.5,4.4,2.7,1.4,25.061952032461416,0.33771828379784896,0.12556377934543772,N04,"Trade, Transportation, and Utilities"
2018-08-01,2840.0,36.1,15.957848392493135,4.9,3.1,1.6,1.3,20.75,0.27710843373493976,0.1335482776175123,N05,Information
2018-08-01,8610.0,37.6,13.859804579934279,4.6,2.4,1.5,0.5,50.83042973286876,0.16986176168170913,0.06018507940134811,N06,Financial Activities
2018-08-01,21112.0,36.1,13.029328904129727,5.9,5.3,2.9,1.9,28.669950738916256,0.3098731165741475,0.1299729051017711,N07,Professional and Business Services
2018-08-01,23701.0,33.0,10.776315946325047,5.0,3.1,2.0,0.7,9.614362263195646,0.6142976258392944,0.20204502567253257,N08,Private Education and Health Services
2018-08-01,16343.0,26.2,6.373602794212896,5.8,6.5,4.4,1.8,15.541210304105732,0.6882948147564865,0.27237292806803415,N09,Leisure and Hospitality
2018-08-01,5829.0,31.9,9.774976853967408,3.8,3.9,2.3,1.4,43.6215474352376,0.23895858732843042,0.13226098242026194,N10,Other Services
2018-09-01,738.0,45.8,13.018375617609504,3.9,5.2,3.0,1.9,9.037940379403794,0.25487256371814093,0.1679160419790105,N01,Mining and Logging
2018-09-01,7375.0,39.1,11.975478027773592,4.1,5.2,2.2,2.3,41.01288135593221,0.5889179092141369,0.15532118887823587,N02,Construction
2018-09-01,12710.0,40.8,10.742241714317439,3.6,2.6,1.6,0.8,3.963021243115657,0.46555489378598375,0.19515584673416717,N03,Manufacturing
2018-09-01,27577.0,34.4,9.322632067316464,5.2,4.1,2.7,1.3,25.471951263734272,0.3388901543192301,0.12445191048345766,N04,"Trade, Transportation, and Utilities"
2018-09-01,2838.0,36.2,16.107414486363023,4.1,3.1,1.6,1.3,21.634954193093726,0.2798045602605863,0.13306188925081433,N05,Information
2018-09-01,8629.0,37.5,13.926449944881078,4.3,2.7,1.4,0.6,39.346390079962916,0.22260838831291235,0.07781573986804902,N06,Financial Activities
2018-09-01,21145.0,36.1,13.022341007684929,6.0,5.2,2.8,1.8,29.252305509576733,0.3156788566624632,0.13313609467455623,N07,Professional and Business Services
2018-09-01,23709.0,32.9,10.758103274619124,5.1,2.9,1.8,0.7,9.760006748492135,0.6146931719965428,0.19788245462402765,N08,Private Education and Health Services
2018-09-01,16325.0,26.0,6.372381851202704,6.2,6.4,4.5,1.9,15.478101071975498,0.6837501978787399,0.26745290485990186,N09,Leisure and Hospitality
2018-09-01,5838.0,31.9,9.806409656517912,4.0,3.8,2.5,1.4,43.66221308667352,0.24397803060023537,0.1370733621027854,N10,Other Services
2018-10-01,741.0,45.8,12.900954219612931,4.3,4.4,2.5,1.3,8.812415654520917,0.27565084226646247,0.1807044410413476,N01,Mining and Logging
2018-10-01,7389.0,38.9,11.963350371085404,3.6,4.8,2.4,1.9,40.25984571660577,0.5939222804894446,0.16212854645690467,N02,Construction
2018-10-01,12731.0,40.8,10.7329925782919,3.8,3.1,1.6,1.1,3.979263215772524,0.4621002763521516,0.19423608369522305,N03,Manufacturing
2018-10-01,27569.0,34.4,9.328564872691596,4.9,4.5,2.7,1.3,25.453226449998184,0.3356324459898535,0.12390982158125748,N04,"Trade, Transportation, and Utilities"
2018-10-01,2850.0,36.1,16.172677353504344,4.8,3.0,1.5,0.8,21.46315789473684,0.2986758214811182,0.1374856956024195,N05,Information
2018-10-01,8644.0,37.8,13.850426471286376,4.5,2.3,1.2,0.5,38.609440074039796,0.22244861269251512,0.0767064181698328,N06,Financial Activities
2018-10-01,21171.0,36.2,13.003813713544222,6.0,5.6,3.1,2.0,28.502196400736857,0.3174405886447251,0.135312054621988,N07,Professional and Business Services
2018-10-01,23756.0,32.9,10.752773250201763,5.0,3.1,2.0,0.7,9.71123084694393,0.6159947984395319,0.1977026441265713,N08,Private Education and Health Services
2018-10-01,16356.0,26.0,6.385200892503917,5.8,6.8,4.3,2.0,15.22438248960626,0.6893297457933416,0.27071201959760655,N09,Leisure and Hospitality
2018-10-01,5841.0,31.9,9.815169401674236,4.8,3.8,2.2,1.3,42.49101181304571,0.24880132156815343,0.13957049035013497,N10,Other Services
2018-11-01,734.0,46.0,12.957552435924843,4.0,3.9,2.7,1.5,7.997275204359672,0.27597955706984667,0.18228279386712096,N01,Mining and Logging
2018-11-01,7386.0,38.9,11.987616491286413,4.1,5.3,2.5,2.6,46.37557541294341,0.5155168890316176,0.13884915189910374,N02,Construction
2018-11-01,12741.0,40.8,10.784104135490153,3.9,2.9,1.8,0.9,3.9031473196766346,0.4689322340639453,0.19002614116227629,N03,Manufacturing
2018-11-01,27638.0,34.5,9.343056446313057,5.4,4.2,2.6,1.4,25.01990013749186,0.33005061460592916,0.1233405639913232,N04,"Trade, Transportation, and Utilities"
2018-11-01,2850.0,36.2,16.287006025479624,4.5,3.5,2.0,1.0,20.736842105263158,0.2846023688663283,0.14737732656514382,N05,Information
2018-11-01,8651.0,37.6,13.955200836124373,4.7,2.4,1.3,0.7,44.386776095249104,0.18826011094038908,0.06494960806270997,N06,Financial Activities
2018-11-01,21176.0,36.1,13.036730880385125,6.0,5.4,3.0,2.1,27.679920664903666,0.3177002473769513,0.13349825130086154,N07,Professional and Business Services
2018-11-01,23768.0,32.9,10.78014521326714,5.0,3.1,2.1,0.8,9.509424436216761,0.6154322626316255,0.20069020440668967,N08,Private Education and Health Services
2018-11-01,16361.0,25.9,6.417412923505705,5.9,6.5,4.3,2.0,14.935517388912658,0.688410541823539,0.2694794565395318,N09,Leisure and Hospitality
2018-11-01,5839.0,31.9,9.837921724189808,4.5,4.4,2.6,1.4,41.707484158246274,0.24797766188970558,0.13719048987804378,N10,Other Services
2018-12-01,743.0,46.3,12.952640178504316,3.4,5.4,3.1,1.3,7.321668909825033,0.2665441176470588,0.18198529411764705,N01,Mining and Logging
2018-12-01,7396.0,39.3,12.05457990956098,5.1,5.1,2.4,2.1,46.92942130881558,0.513296263217033,0.1382062289319773,N02,Construction
2018-12-01,12761.0,40.9,10.79254807787409,3.5,2.7,1.5,0.9,4.287281561006191,0.4659111679766039,0.1908243465545604,N03,Manufacturing
2018-12-01,27580.0,34.3,9.419742292308726,4.9,4.2,2.6,1.3,26.246192893401016,0.3226822495752,0.12219044856120574,N04,"Trade, Transportation, and Utilities"
2018-12-01,2851.0,36.5,16.43410730039918,4.3,2.9,1.6,1.4,21.788846018940724,0.2778493238892466,0.1448808757244044,N05,Information
2018-12-01,8661.0,37.6,13.985211677157224,4.0,2.5,1.5,0.6,42.765269599353424,0.20143632387483462,0.07527201058343908,N06,Financial Activities
2018-12-01,21196.0,36.2,13.079238982936856,6.0,5.5,3.0,2.2,28.209096055859597,0.3138881455713139,0.13697484613326197,N07,Professional and Business Services
2018-12-01,23852.0,33.0,10.80441671578964,5.2,3.2,2.1,0.7,9.74677175918162,0.6168702684101858,0.1995440467997247,N08,Private Education and Health Services
2018-12-01,16412.0,26.1,6.444670388144022,6.1,6.3,4.2,1.8,14.855593468194003,0.6918912267749477,0.2768549280177187,N09,Leisure and Hospitality
2018-12-01,5846.0,31.9,9.850969469907069,4.5,3.7,1.8,1.6,46.9414984604858,0.22910137745062314,0.1317323810217914,N10,Other Services
2019-01-01,745.0,46.4,12.959245489208545,4.3,4.5,2.1,1.8,6.268456375838927,0.291220556745182,0.18629550321199143,N01,Mining and Logging
2019-01-01,7425.0,39.7,12.0129394482917,4.0,5.7,2.6,2.5,42.65319865319866,0.5004736343542785,0.13489106409851595,N02,Construction
2019-01-01,12790.0,40.8,10.789472642252761,3.2,2.7,1.7,0.7,4.044566067240031,0.45911463367485017,0.17784651072878407,N03,Manufacturing
2019-01-01,27633.0,34.3,9.423466014151037,5.0,4.1,2.5,1.1,23.979300112184706,0.3137846729648969,0.11889167245178232,N04,"Trade, Transportation, and Utilities"
2019-01-01,2842.0,36.2,16.514822161774777,4.8,3.2,2.1,1.4,19.405348346235044,0.2883046237533998,0.12765185856754308,N05,Information
2019-01-01,8672.0,37.7,14.044131912686439,4.4,2.2,1.2,0.6,38.53436346863469,0.20722985306879732,0.07032348804500703,N06,Financial Activities
2019-01-01,21201.0,36.3,13.097825871769592,6.2,5.0,3.0,1.7,26.1176359605679,0.32169688651303907,0.13087842230730334,N07,Professional and Business Services
2019-01-01,23902.0,33.0,10.856783113782413,5.4,3.1,2.0,0.8,9.323487574261568,0.5952434372896567,0.1922818039039713,N08,Private Education and Health Services
2019-01-01,16488.0,26.0,6.445967508839449,6.4,7.0,4.6,1.6,14.09934497816594,0.7027143287305889,0.2820148836408999,N09,Leisure and Hospitality
2019-01-01,5854.0,31.9,9.914436512367308,2.9,3.8,2.4,1.0,43.40280150324564,0.23457178841309823,0.13350125944584382,N10,Other Services
2019-02-01,743.0,46.3,13.01126247932449,4.0,4.4,2.7,1.9,7.4562584118438755,0.2581227436823105,0.17509025270758122,N01,Mining and Logging
2019-02-01,7395.0,38.6,12.012521761099642,3.7,5.0,2.7,2.4,46.34077079107505,0.5355860982228836,0.14120633808981878,N02,Construction
2019-02-01,12782.0,40.6,10.828244229607728,3.4,2.6,1.7,0.8,4.460178375841027,0.462199614102789,0.18417821434835993,N03,Manufacturing
2019-02-01,27591.0,34.2,9.446587109533828,4.4,4.0,2.7,1.1,26.290819470117064,0.3218820220846717,0.11614441886433505,N04,"Trade, Transportation, and Utilities"
2019-02-01,2843.0,36.2,16.473300463052514,4.6,3.2,1.5,1.3,21.684839957791063,0.26634225466342254,0.12911597729115978,N05,Information
2019-02-01,8685.0,37.7,14.010003197549336,3.9,2.3,1.2,0.7,43.64191134139321,0.20067013165184813,0.06883360156188165,N06,Financial Activities
2019-02-01,21230.0,36.2,13.113899865387122,6.1,5.6,3.1,1.9,28.370701837023084,0.30642028191462867,0.1276751174644286,N07,Professional and Business Services
2019-02-01,23923.0,33.0,10.836139413151008,4.8,3.0,2.0,0.8,9.663921748944531,0.6213071499632337,0.19797569099009474,N08,Private Education and Health Services
2019-02-01,16494.0,26.0,6.474050505489126,5.7,6.7,4.8,1.6,14.950284952103797,0.7035970639523095,0.2749908755423983,N09,Leisure and Hospitality
2019-02-01,5856.0,31.9,9.884769796185838,3.9,3.4,1.9,1.1,45.95628415300546,0.22725921521997622,0.12897592152199763,N10,Other Services
2019-03-01,742.0,46.6,12.989770997770151,4.0,4.5,3.0,1.7,7.6145552560646905,0.2743362831858407,0.16283185840707964,N01,Mining and Logging
2019-03-01,7425.0,39.3,12.00659123711543,4.6,5.1,1.9,2.2,45.09360269360269,0.5396929693566692,0.14294247655456663,N02,Construction
2019-03-01,12788.0,40.7,10.807111929116672,3.3,2.7,1.7,0.9,4.326712543009071,0.45816013012832096,0.18091451292246521,N03,Manufacturing
2019-03-01,27592.0,34.4,9.45032385941316,4.5,3.9,2.7,1.1,26.908161786024934,0.31264058185736415,0.11277527106202438,N04,"Trade, Transportation, and Utilities"
2019-03-01,2849.0,36.3,16.54888173134023,5.1,3.4,1.6,1.3,21.674271674271672,0.27417004048582994,0.1259919028340081,N05,Information
2019-03-01,8705.0,37.7,13.96901803938225,4.0,2.2,1.3,0.4,43.90465249856405,0.196054318532667,0.06774117585494126,N06,Financial Activities
2019-03-01,21258.0,36.2,13.099887130963477,6.0,5.6,3.2,1.9,28.679555931884465,0.30631325143110205,0.12611740777797825,N07,Professional and Business Services
2019-03-01,23988.0,33.0,10.826775524329767,5.3,3.1,2.0,0.7,9.778222444555611,0.6168144611186903,0.19086800818553887,N08,Private Education and Health Services
2019-03-01,16504.0,26.1,6.461457387022813,5.7,6.6,4.6,1.7,14.872758119243821,0.7019473641326489,0.2698199299274831,N09,Leisure and Hospitality
2019-03-01,5875.0,31.9,9.839663044632427,4.0,3.6,2.2,0.9,44.76255319148936,0.23716632443531827,0.13537151114153168,N10,Other Services
2019-04-01,739.0,46.8,13.062574196910276,3.6,3.7,2.4,1.7,7.117726657645466,0.26806083650190116,0.18250950570342206,N01,Mining and Logging
2019-04-01,7468.0,39.0,12.000799269686912,5.1,5.6,1.9,3.2,42.05141938939475,0.5712966501082665,0.1518914787925105,N02,Construction
2019-04-01,12785.0,40.6,10.750960886719193,3.4,2.7,1.8,0.9,4.513101290574893,0.4587521663778163,0.18110918544194107,N03,Manufacturing
2019-04-01,27626.0,34.3,9.403172787217953,4.7,4.2,2.6,1.3,26.496416419315135,0.31843331193049085,0.11385401439910381,N04,"Trade, Transportation, and Utilities"
2019-04-01,2846.0,36.2,16.385028581727283,3.8,3.3,1.8,1.3,21.820098383696415,0.2603864734299517,0.12238325281803543,N05,Information
2019-04-01,8721.0,37.6,13.987219520986708,3.9,2.6,1.6,0.5,35.84336658640064,0.2355801529159602,0.08196039540612304,N06,Financial Activities
2019-04-01,21315.0,36.2,13.090000117539658,5.2,5.9,3.1,2.3,28.698569082805534,0.304964770888166,0.1291298164162757,N07,Professional and Business Services
2019-04-01,24054.0,33.0,10.766632841364556,5.5,3.1,1.9,0.8,9.70566225991519,0.6096547588451984,0.19425169193866187,N08,Private Education and Health Services
2019-04-01,16527.0,25.9,6.452927325228321,5.8,7.0,4.6,2.0,15.270163974102983,0.70317391132068,0.27630066965170186,N09,Leisure and Hospitality
2019-04-01,5891.0,31.9,9.810643607997397,4.0,3.7,2.4,1.0,46.589713121711085,0.22761058077679808,0.12887123806747797,N10,Other Services
2019-05-01,738.0,46.3,13.106354976184509,3.5,3.5,2.0,1.5,7.682926829268293,0.26455026455026454,0.21340388007054673,N01,Mining and Logging
2019-05-01,7478.0,39.1,12.021339934820759,4.6,5.1,2.2,2.8,41.48970312917893,0.5646876812995553,0.14955198865467673,N02,Construction
2019-05-01,12778.0,40.6,10.79531210829782,3.5,2.6,1.6,0.9,4.396619189231491,0.44339622641509435,0.19134923460306158,N03,Manufacturing
2019-05-01,27632.0,34.2,9.44785660566558,4.5,4.3,2.8,1.2,25.867110596409958,0.3219961945268342,0.11374447366948347,N04,"Trade, Transportation, and Utilities"
2019-05-01,2858.0,36.4,16.443657558285285,4.3,3.5,1.8,1.3,21.480055983205038,0.26926209480371394,0.13340935005701254,N05,Information
2019-05-01,8733.0,37.6,14.011187014289298,4.2,2.6,1.4,0.6,34.125729989694264,0.241057647137776,0.08234346688141736,N06,Financial Activities
2019-05-01,21356.0,36.2,13.125940085234394,5.6,5.3,2.9,2.1,28.201442217643752,0.30311986318428613,0.12946020887641754,N07,Professional and Business Services
2019-05-01,24090.0,33.0,10.744390824768113,5.4,2.9,1.7,0.7,9.82606890826069,0.6116767352456592,0.1924295551518736,N08,Private Education and Health Services
2019-05-01,16507.0,25.8,6.4670030082727505,5.8,6.4,4.6,1.6,14.785242624341189,0.6986396787675162,0.2664918462673113,N09,Leisure and Hospitality
2019-05-01,5886.0,31.8,9.8434758084733,4.4,3.6,2.5,1.1,45.78321440706762,0.22187175300578893,0.12813566869526496,N10,Other Services
2019-06-01,734.0,46.3,13.188983319815211,3.6,2.9,1.8,1.1,7.874659400544958,0.3027681660899654,0.2041522491349481,N01,Mining and Logging
2019-06-01,7502.0,39.4,12.029167793176681,3.9,5.8,2.4,2.9,41.711543588376436,0.5768247475393071,0.15070944650389875,N02,Construction
2019-06-01,12787.0,40.7,10.834087605255217,3.5,2.5,1.6,0.8,4.285602565105185,0.46277372262773725,0.17901459854014598,N03,Manufacturing
2019-06-01,27645.0,34.3,9.48227558940963,4.7,4.3,2.7,1.1,25.928377645143787,0.3259113547901059,0.11490115654515269,N04,"Trade, Transportation, and Utilities"
2019-06-01,2875.0,36.4,16.460760227731345,4.3,3.3,1.5,1.1,21.47826086956522,0.2731983805668016,0.12939271255060728,N05,Information
2019-06-01,8748.0,37.5,14.078436443284629,4.2,2.5,1.5,0.7,34.91540923639689,0.2391959140911472,0.0837807752750131,N06,Financial Activities
2019-06-01,21402.0,36.2,13.181146728419007,5.6,5.2,3.0,1.8,28.1254088402953,0.2996478054291125,0.1275708542379639,N07,Professional and Business Services
2019-06-01,24135.0,33.0,10.794904648274187,5.1,2.8,1.8,0.7,9.939921276154962,0.6114631096290121,0.1901625677365569,N08,Private Education and Health Services
2019-06-01,16512.0,25.9,6.4847793803607185,5.4,6.8,4.8,1.9,15.108406007751938,0.6972782298472763,0.26355874453842143,N09,Leisure and Hospitality
2019-06-01,5894.0,31.9,9.858431976427532,4.1,3.9,2.2,1.4,46.80183237190363,0.2258111292369041,0.12575675185789378,N10,Other Services
2019-07-01,728.0,46.1,13.264165252812724,4.6,3.0,1.9,1.6,6.648351648351648,0.2603305785123967,0.14669421487603307,N01,Mining and Logging
2019-07-01,7526.0,39.1,12.005379160444408,4.1,5.1,2.3,2.5,39.875099654530956,0.5634788403865378,0.1489836721092969,N02,Construction
2019-07-01,12790.0,40.4,10.824778539651762,3.4,2.6,1.5,0.9,4.222830336200156,0.4497315311979263,0.18422514349194594,N03,Manufacturing
2019-07-01,27661.0,34.2,9.47216988139264,4.4,4.5,2.8,1.3,25.095621994866416,0.32196724145382255,0.11379057003327715,N04,"Trade, Transportation, and Utilities"
2019-07-01,2866.0,36.1,16.508862323203104,5.0,3.4,1.5,2.0,20.826936496859734,0.2640308259339923,0.12397386496900653,N05,Information
2019-07-01,8771.0,37.6,14.057747789305791,4.2,2.8,1.5,0.7,33.20259947554441,0.2434242153698235,0.08385413089760319,N06,Financial Activities
2019-07-01,21421.0,36.1,13.197707601973402,5.5,5.4,3.3,1.9,27.440829092946174,0.29509535394089925,0.12459808441503206,N07,Professional and Business Services
2019-07-01,24181.0,33.0,10.809141445336627,5.1,3.0,2.0,0.7,9.701418469045946,0.6082526961933586,0.18687923611407137,N08,Private Education and Health Services
2019-07-01,16522.0,25.8,6.48939414078076,5.5,6.8,4.8,1.9,14.829923738046242,0.6946779854705738,0.2633254428209942,N09,Leisure and Hospitality
2019-07-01,5899.0,31.9,9.847460144955864,4.2,3.8,2.5,0.9,43.55144939820309,0.22926316608929198,0.12977307228212215,N10,Other Services
2019-08-01,719.0,46.1,13.275476886062897,4.0,2.9,1.9,1.4,6.008344923504868,0.27546296296296297,0.18981481481481483,N01,Mining and Logging
2019-08-01,7530.0,39.3,12.05299254792295,4.2,5.5,2.3,2.9,41.87915006640107,0.5713651498335183,0.1454574282543206,N02,Construction
2019-08-01,12789.0,40.5,10.83831961130466,3.3,2.6,1.6,0.8,4.51950895300649,0.44100346020761244,0.18304498269896194,N03,Manufacturing
2019-08-01,27652.0,34.2,9.506475651861457,4.5,4.3,2.8,1.3,25.98076088528859,0.32098215528520924,0.11287269285376242,N04,"Trade, Transportation, and Utilities"
2019-08-01,2865.0,36.5,16.7710790670062,4.3,3.2,1.7,1.3,21.528795811518325,0.2623216601815824,0.11948767833981842,N05,Information
2019-08-01,8785.0,37.7,14.119108250402288,4.2,2.7,1.6,0.7,35.03813318155947,0.23806893863097364,0.08316818816802574,N06,Financial Activities
2019-08-01,21455.0,36.2,13.224702776172101,5.6,5.4,3.0,1.9,28.376136098811465,0.2970384849131913,0.12416024703930618,N07,Professional and Business Services
2019-08-01,24246.0,33.0,10.818791107500507,5.2,2.9,2.0,0.6,9.881217520415738,0.6091076049753735,0.18640955004591367,N08,Private Education and Health Services
2019-08-01,16602.0,25.8,6.483463262978645,5.5,6.9,4.8,1.6,15.320443320081917,0.6976213878513858,0.2598781206998231,N09,Leisure and Hospitality
2019-08-01,5901.0,31.9,9.873611523379525,4.2,3.7,1.9,1.7,46.517539400101676,0.2259016393442623,0.13176684881602915,N10,Other Services
2019-09-01,717.0,46.1,13.356471551690518,3.7,3.0,1.6,1.7,7.224546722454672,0.2335907335907336,0.16023166023166024,N01,Mining and Logging
2019-09-01,7547.0,39.8,12.053971844167998,4.2,5.9,2.5,2.9,41.715913608056184,0.5743417082234857,0.14569767811199696,N02,Construction
2019-09-01,12787.0,40.5,10.852864329446632,3.3,2.7,1.7,0.9,4.47720340971299,0.4373799126637555,0.18131004366812228,N03,Manufacturing
2019-09-01,27676.0,34.3,9.503568225246656,4.4,4.3,2.7,1.4,25.60232692585634,0.3153957971689459,0.11109699817943182,N04,"Trade, Transportation, and Utilities"
2019-09-01,2871.0,36.5,16.46453223101821,5.8,3.3,1.4,1.2,20.70010449320794,0.2645128722867239,0.12804980649503617,N05,Information
2019-09-01,8785.0,37.6,14.074016300744843,4.1,2.6,1.5,0.7,35.72680705748435,0.22930606002676351,0.07745491620467725,N06,Financial Activities
2019-09-01,21465.0,36.1,13.243380259720002,5.5,5.4,3.0,2.1,27.870020964360588,0.2985640974207245,0.12107383447837788,N07,Professional and Business Services
2019-09-01,24288.0,32.9,10.806067932769176,4.8,3.0,1.9,0.7,10.026350461133068,0.6046320630749015,0.18815703022339028,N08,Private Education and Health Services
2019-09-01,16673.0,25.9,6.500799438443241,5.8,7.0,4.4,2.1,15.105260001199545,0.6996624975183641,0.25868572563033554,N09,Leisure and Hospitality
2019-09-01,5903.0,31.8,9.87013999922006,4.3,3.6,2.0,1.3,47.16923598170422,0.21789254417468754,0.1251975290906479,N10,Other Services
2019-10-01,717.0,46.1,13.427699247535536,2.9,3.6,1.7,1.6,6.6387726638772655,0.25210084033613445,0.13865546218487396,N01,Mining and Logging
2019-10-01,7553.0,39.3,12.043320176547219,4.1,6.5,2.5,3.5,42.511584800741424,0.579806284842256,0.13603662524525834,N02,Construction
2019-10-01,12733.0,40.3,10.841710252571406,3.0,2.4,1.5,0.9,4.572371004476557,0.45104774991411883,0.17468223978014427,N03,Manufacturing
2019-10-01,27688.0,34.2,9.496218234138945,4.9,3.9,2.4,1.3,26.402773764807858,0.3076986211424819,0.10509684832567301,N04,"Trade, Transportation, and Utilities"
2019-10-01,2874.0,36.4,16.46477805214754,4.9,3.4,1.5,1.2,21.98677800974252,0.2592182307327109,0.11093527456876089,N05,Information
2019-10-01,8801.0,37.7,14.057669498940328,4.6,2.5,1.5,0.5,35.69480740824906,0.2308133057456629,0.07611013846888429,N06,Financial Activities
2019-10-01,21476.0,36.1,13.244930100523034,5.3,5.2,2.9,1.9,28.452225740361335,0.29034105786855197,0.11573710395391464,N07,Professional and Business Services
2019-10-01,24328.0,33.0,10.822266726293481,5.1,3.0,1.9,0.7,10.056313712594543,0.6020437359493154,0.18426323319027182,N08,Private Education and Health Services
2019-10-01,16722.0,25.8,6.486360366316035,5.6,6.7,4.6,1.5,15.32412390862337,0.6959219512195122,0.24757073170731708,N09,Leisure and Hospitality
2019-10-01,5898.0,31.9,9.873422643930704,4.3,3.7,2.9,0.6,49.6252967107494,0.20806997164235197,0.11619802521439065,N10,Other Services
2019-11-01,705.0,45.9,13.327956134466163,2.7,2.7,1.9,2.0,7.1489361702127665,0.23412698412698413,0.15079365079365079,N01,Mining and Logging
2019-11-01,7541.0,39.0,12.067675149973436,3.1,5.5,2.2,3.2,42.568624850815546,0.5760568206597926,0.13666240927073922,N02,Construction
2019-11-01,12777.0,40.5,10.857805404860418,3.1,2.8,1.6,0.8,4.479924864991782,0.4425227113906359,0.16771488469601678,N03,Manufacturing
2019-11-01,27687.0,34.0,9.508335304542053,4.3,4.2,3.0,1.1,25.6575288041319,0.31906866747374646,0.10849123004589094,N04,"Trade, Transportation, and Utilities"
2019-11-01,2885.0,36.3,16.53488651654458,4.7,3.2,1.4,1.1,21.480069324090124,0.26432144586090045,0.11618525092786833,N05,Information
2019-11-01,8813.0,37.7,14.111269238673952,3.9,2.8,1.8,0.5,34.77703392715307,0.23661457143789358,0.08006786518320337,N06,Financial Activities
2019-11-01,21487.0,36.1,13.250400381574304,5.3,5.3,2.9,2.0,28.420440266207475,0.2949219709499402,0.11413693156696743,N07,Professional and Business Services
2019-11-01,24391.0,33.0,10.811271953125303,5.0,3.0,1.8,0.7,10.032388995941126,0.5993052717613404,0.1761749080506743,N08,Private Education and Health Services
2019-11-01,16761.0,25.8,6.495294304693286,5.5,6.5,4.5,1.8,15.346339717200642,0.6938807246714874,0.256200917502527,N09,Leisure and Hospitality
2019-11-01,5911.0,31.9,9.876725130778388,3.6,3.4,2.2,0.7,48.76501437996954,0.21269731136166523,0.11611448395490026,N10,Other Services
2019-12-01,693.0,45.9,13.316320612457952,2.1,3.0,1.7,2.4,7.0995670995671,0.241869918699187,0.1443089430894309,N01,Mining and Logging
2019-12-01,7527.0,38.8,12.059699184162705,3.3,5.9,2.3,3.3,43.2695629068686,0.5801836101814609,0.13694003500260984,N02,Construction
2019-12-01,12760.0,40.5,10.880408305301009,2.9,2.6,1.6,0.9,4.552507836990596,0.43398175245309,0.1635393355138578,N03,Manufacturing
2019-12-01,27758.0,34.2,9.480725360553686,4.1,4.2,2.6,1.2,29.34613444772678,0.31118722302016966,0.10423648706711351,N04,"Trade, Transportation, and Utilities"
2019-12-01,2891.0,36.1,16.506205776592044,4.6,3.3,1.4,1.7,23.400207540643375,0.2378418329637842,0.10051736881005174,N05,Information
2019-12-01,8822.0,37.5,14.124424854038589,3.4,2.5,1.5,0.6,36.61641351167536,0.23078351855864782,0.0810141472928211,N06,Financial Activities
2019-12-01,21467.0,36.1,13.250589645439431,5.5,5.4,3.0,2.2,30.199841617366193,0.2840043189881228,0.1123553910226747,N07,Professional and Business Services
2019-12-01,24428.0,33.0,10.776012063565712,4.8,3.0,2.0,0.6,10.423694121499917,0.6149314691905903,0.17676628833994423,N08,Private Education and Health Services
2019-12-01,16805.0,25.8,6.480300042531803,5.2,7.1,4.5,2.0,16.047009818506396,0.6901398004969036,0.24960136463084512,N09,Leisure and Hospitality
2019-12-01,5917.0,31.8,9.87897769013649,4.1,4.0,2.4,1.4,52.20212945749536,0.2026029526029526,0.1126003626003626,N10,Other Services
2020-01-01,679.0,45.5,13.279202861917128,2.3,1.7,2.3,1.5,6.3622974963181145,0.2569444444444444,0.14351851851851852,N01,Mining and Logging
2020-01-01,7575.0,39.1,12.048146275764394,3.8,5.7,2.1,2.3,40.929372937293735,0.548509869694233,0.13814346535930846,N02,Construction
2020-01-01,12745.0,40.3,10.882694586052398,3.1,2.5,1.5,1.0,4.127893291486858,0.43698916555787876,0.1579547614521954,N03,Manufacturing
2020-01-01,27775.0,34.1,9.497273537686153,4.3,4.5,3.0,1.2,24.80936093609361,0.3131711847680966,0.11180124223602485,N04,"Trade, Transportation, and Utilities"
2020-01-01,2901.0,36.2,16.54015212617751,4.3,2.9,1.4,1.0,20.158566011720097,0.2616279069767442,0.10892612859097127,N05,Information
2020-01-01,8833.0,37.7,14.15908029653413,4.4,2.5,1.5,0.6,33.05219064870372,0.23986984072615175,0.07984243877376263,N06,Financial Activities
2020-01-01,21476.0,36.0,13.236752634808413,5.7,5.4,3.2,1.9,27.230862357981,0.29491629760093024,0.11101041363861767,N07,Professional and Business Services
2020-01-01,24510.0,33.0,10.739907458504902,5.1,3.2,2.0,0.7,9.545491636066911,0.5826209608480082,0.1718669858095401,N08,Private Education and Health Services
2020-01-01,16823.0,25.9,6.498743859188736,5.1,6.7,4.4,1.8,14.550318017000535,0.7075332952038565,0.2520222240379116,N09,Leisure and Hospitality
2020-01-01,5933.0,31.9,9.87932558166459,4.3,3.8,1.7,1.9,47.79369627507164,0.21335872478487797,0.11926929044999295,N10,Other Services
2020-02-01,684.0,45.4,13.29218900675024,3.6,3.6,1.6,0.9,6.973684210526315,0.2578616352201258,0.1488469601677149,N01,Mining and Logging
2020-02-01,7610.0,39.0,12.104146576663451,3.7,5.0,2.0,2.7,42.84888304862023,0.5823110893032385,0.14260304219823355,N02,Construction
2020-02-01,12743.0,40.5,10.90453230472517,3.0,2.8,1.5,1.0,4.270579926234011,0.4489158397647924,0.1659316427783903,N03,Manufacturing
2020-02-01,27738.0,34.2,9.523625843780135,4.2,4.6,2.8,1.6,26.697310548705747,0.32082427450609696,0.10731503112635545,N04,"Trade, Transportation, and Utilities"
2020-02-01,2910.0,36.3,16.55930568948891,4.5,3.3,1.6,1.1,22.8213058419244,0.2439391657882849,0.10405059478994128,N05,Information
2020-02-01,8872.0,37.6,14.252651880424303,4.4,2.7,1.5,0.7,36.011045987376015,0.23841121787849384,0.0746815236783624,N06,Financial Activities
2020-02-01,21483.0,36.1,13.28447444551591,5.7,5.2,3.0,1.9,30.19503793697342,0.29257877535919097,0.11515693408151939,N07,Professional and Business Services
2020-02-01,24573.0,33.0,10.757955641272902,5.0,3.1,2.1,0.7,10.081390143653604,0.6098978726839704,0.1803980139668187,N08,Private Education and Health Services
2020-02-01,16889.0,25.8,6.526518804243009,5.3,6.5,4.2,1.8,15.787198768429157,0.7060720849116754,0.24730900498818587,N09,Leisure and Hospitality
2020-02-01,5934.0,31.9,9.893924783027964,3.4,4.0,2.2,1.3,48.67037411526795,0.22256847062082338,0.11962882171669956,N10,Other Services
2020-03-01,678.0,45.2,13.375904772237634,1.6,2.7,1.3,5.5,5.294985250737463,0.20612813370473537,0.11977715877437325,N01,Mining and Logging
2020-03-01,7541.0,39.0,12.166958570343619,2.9,5.0,1.6,8.5,36.22994297838483,0.5887412613008308,0.1501043153618096,N02,Construction
2020-03-01,12684.0,40.3,11.000635471721507,2.3,2.4,1.2,5.5,3.91595711132135,0.4600362391785786,0.17233742701832092,N03,Manufacturing
2020-03-01,27659.0,34.2,9.621196856739873,3.8,4.3,2.3,7.5,23.140026754401823,0.31096979829070515,0.10855741137134196,N04,"Trade, Transportation, and Utilities"
2020-03-01,2902.0,36.3,16.68888234473566,4.0,2.5,1.4,6.6,19.29014472777395,0.2670596641657735,0.11700607359771346,N05,Information
2020-03-01,8855.0,37.6,14.305863389079185,3.9,2.7,1.3,2.7,31.883681535855448,0.24273013849041902,0.07834803244430277,N06,Financial Activities
2020-03-01,21388.0,36.0,13.348780979246424,4.9,5.2,2.9,5.9,26.324106975874322,0.3024048879258286,0.11878796490355582,N07,Professional and Business Services
2020-03-01,24356.0,32.8,10.837892713774236,4.5,2.8,1.9,6.4,9.083593365084578,0.620095823540047,0.17908154040860605,N08,Private Education and Health Services
2020-03-01,16158.0,24.1,6.56783273144345,3.9,4.0,3.2,31.9,12.260799603911375,0.6938569481601131,0.24521730351824744,N09,Leisure and Hospitality
2020-03-01,5847.0,31.4,9.981555820765976,2.9,2.6,0.9,15.3,40.19155122284933,0.21557446808510639,0.1194468085106383,N10,Other Services
2020-04-01,619.0,43.0,13.545181852268467,1.4,2.3,0.9,10.1,4.846526655896607,0.25333333333333335,0.15,N01,Mining and Logging
2020-04-01,6522.0,38.1,12.240657417822773,3.1,3.7,1.4,10.9,31.333946642134315,0.5484439224897241,0.14704443139557644,N02,Construction
2020-04-01,11382.0,38.0,11.420447444069492,2.6,3.2,0.8,6.3,4.296257248286769,0.4437627811860941,0.17832310838445808,N03,Manufacturing
2020-04-01,24564.0,33.8,10.002655918010248,3.4,4.4,1.6,6.6,27.217065624491124,0.25595309321526866,0.0917045590522915,N04,"Trade, Transportation, and Utilities"
2020-04-01,2643.0,36.5,17.103330833645796,4.3,1.5,1.3,6.4,21.19939462731744,0.23273246475102624,0.11815099054078172,N05,Information
2020-04-01,8592.0,37.6,14.580208723909513,2.9,1.7,0.7,2.8,26.43156424581006,0.2450022016732717,0.08903566710700132,N06,Financial Activities
2020-04-01,19223.0,35.9,13.963098362704663,4.1,4.3,1.9,6.4,26.6139520366228,0.2841282251759187,0.12224394057857702,N07,Professional and Business Services
2020-04-01,21742.0,32.7,11.084551931008624,4.2,2.4,1.7,4.9,9.132554502805629,0.5932715551974215,0.17143432715551973,N08,Private Education and Health Services
2020-04-01,8719.0,24.2,7.038182727159105,3.5,4.8,3.8,25.9,17.98830141071224,0.6776970160673298,0.19338179035960215,N09,Leisure and Hospitality
2020-04-01,4511.0,32.3,10.842394700662418,2.5,3.4,1.1,18.3,48.90268233207714,0.1744333635539438,0.10063463281958296,N10,Other Services
2020-05-01,595.0,43.0,13.61209060132446,1.9,2.6,1.1,3.5,5.34453781512605,0.2389937106918239,0.14779874213836477,N01,Mining and Logging
2020-05-01,7004.0,38.8,12.294665405274392,3.9,10.8,1.5,2.9,36.432038834951456,0.537445624485637,0.14139593212368226,N02,Construction
2020-05-01,11610.0,38.7,11.340802652051195,2.6,5.4,1.3,1.3,5.10594315245478,0.4080634278002699,0.16784750337381915,N03,Manufacturing
2020-05-01,24975.0,34.3,9.882643607164917,4.1,6.3,2.1,1.7,37.86026026026026,0.25315157155548035,0.0855154617369601,N04,"Trade, Transportation, and Utilities"
2020-05-01,2609.0,36.6,17.099162633599427,3.4,2.6,1.0,1.3,26.055960137983902,0.22271256251838775,0.10738452486025302,N05,Information
2020-05-01,8607.0,37.7,14.68714083548995,3.5,2.4,1.2,0.7,29.252933658649937,0.2525617602668997,0.09007864008261181,N06,Financial Activities
2020-05-01,19410.0,36.5,13.85837483678783,4.9,5.2,2.2,2.4,30.84750128799588,0.28506054279749476,0.12497703549060543,N07,Professional and Business Services
2020-05-01,22150.0,32.9,11.137520425954449,4.3,5.2,1.6,1.2,10.474492099322799,0.6010085772164993,0.17917331149519417,N08,Private Education and Health Services
2020-05-01,9947.0,26.0,6.813863847819798,6.7,18.9,3.5,2.6,20.252337388157233,0.6871183916604616,0.21141722511789526,N09,Leisure and Hospitality
2020-05-01,4740.0,32.7,10.738774520918524,3.9,12.8,0.7,1.7,61.86497890295358,0.1675078434047197,0.10216887191379075,N10,Other Services
2020-06-01,579.0,43.4,13.589218882517256,2.7,1.4,1.4,2.5,7.0120898100172715,0.3103448275862069,0.19458128078817735,N01,Mining and Logging
2020-06-01,7159.0,38.9,12.293710755440747,3.1,7.3,1.9,2.6,46.62103645760581,0.5455716682646213,0.13881232023010545,N02,Construction
2020-06-01,11950.0,39.1,11.142147975817183,2.7,4.0,1.5,1.8,5.7698744769874475,0.4056562726613488,0.14488759970993473,N03,Manufacturing
2020-06-01,25963.0,34.3,9.729927404859907,4.1,5.7,2.4,1.6,44.42206216538921,0.2739372079110055,0.09203783825964815,N04,"Trade, Transportation, and Utilities"
2020-06-01,2622.0,36.6,16.907742703527052,3.9,2.1,1.1,1.4,31.025934401220443,0.2446220036877689,0.11026429010448678,N05,Information
2020-06-01,8622.0,37.5,14.701877514180564,3.7,2.4,1.1,1.3,36.84411969380654,0.24449900840494854,0.08609563383385274,N06,Financial Activities
2020-06-01,19768.0,36.4,13.709821741194048,5.2,6.0,2.0,2.2,36.71135167948199,0.273428780091221,0.1160656460569649,N07,Professional and Business Services
2020-06-01,22727.0,33.1,11.099353413060904,4.7,4.0,1.9,1.0,12.535310423725086,0.5765032117659448,0.16981993049949104,N08,Private Education and Health Services
2020-06-01,11777.0,25.7,6.62148598283549,6.9,17.0,3.7,2.7,24.81871444340664,0.7116904444216361,0.20767046426494234,N09,Leisure and Hospitality
2020-06-01,5092.0,32.4,10.449654142124635,4.8,7.5,1.7,1.9,79.65828750981933,0.1760268231349539,0.10038952714363197,N10,Other Services
2020-07-01,569.0,43.9,13.404192729299563,1.7,3.2,1.4,2.7,8.172231985940247,0.26666666666666666,0.18924731182795698,N01,Mining and Logging
2020-07-01,7196.0,39.0,12.289434569889144,4.1,5.4,2.0,2.7,63.771539744302395,0.5315319241664851,0.1362388319895402,N02,Construction
2020-07-01,11973.0,39.8,11.124357465783117,3.2,2.9,1.6,1.3,8.200116929758623,0.3531269097575881,0.13149317579955183,N03,Manufacturing
2020-07-01,26231.0,34.1,9.76961664705518,4.6,5.1,2.8,1.2,65.06423697152225,0.2807054549715826,0.09455674693853636,N04,"Trade, Transportation, and Utilities"
2020-07-01,2622.0,36.1,17.14327738898867,2.9,3.2,1.3,0.9,43.00533943554538,0.21479247960269598,0.10207520397304008,N05,Information
2020-07-01,8623.0,37.6,14.615718090047688,3.3,2.9,1.1,0.9,46.79229966369013,0.2523482614191182,0.0852809239386354,N06,Financial Activities
2020-07-01,19953.0,36.5,13.578373691707437,5.4,5.7,2.6,2.1,52.68330576855611,0.26070453486049144,0.11280548711460345,N07,Professional and Business Services
2020-07-01,22923.0,33.4,11.05081439276646,4.9,3.7,2.0,0.8,17.677878113684947,0.5377686745798682,0.1578609678454211,N08,Private Education and Health Services
2020-07-01,12415.0,25.5,6.537592122375674,5.9,11.1,4.1,2.4,36.65726943213854,0.7332014941771039,0.1823335530652604,N09,Leisure and Hospitality
2020-07-01,5236.0,32.1,10.342478478974423,4.6,3.9,2.0,1.1,119.88731856378917,0.16868717442212416,0.09865706593599159,N10,Other Services
2020-08-01,561.0,44.4,13.273380740100881,1.7,2.4,1.3,1.8,8.217468805704101,0.22559652928416485,0.16268980477223427,N01,Mining and Logging
2020-08-01,7226.0,39.1,12.270743031667926,3.4,5.2,1.4,2.6,60.30030445613064,0.5373511119271108,0.13193950382117367,N02,Construction
2020-08-01,11999.0,40.1,11.14084746024156,3.7,3.3,1.8,0.9,7.668972414367864,0.3747011519234949,0.14116496413823082,N03,Manufacturing
2020-08-01,26613.0,34.3,9.779573956099895,4.5,4.8,2.7,1.2,56.28527411415473,0.2782992416150395,0.0941171758171331,N04,"Trade, Transportation, and Utilities"
2020-08-01,2640.0,36.7,17.029415847845872,3.2,3.4,1.3,1.1,39.37878787878788,0.21979607541362062,0.10821469796075414,N05,Information
2020-08-01,8649.0,37.6,14.731061716207256,3.3,2.6,1.5,0.6,46.827378887732685,0.24275943803856695,0.08594849509888644,N06,Financial Activities
2020-08-01,20147.0,36.6,13.578028351509358,5.4,5.8,2.7,1.9,45.86737479525488,0.2722570312415457,0.11401486868162192,N07,Professional and Business Services
2020-08-01,23124.0,33.4,11.032871091641088,5.1,3.1,1.8,0.8,16.030963501124372,0.5608578365254923,0.16547073104936608,N08,Private Education and Health Services
2020-08-01,12573.0,25.6,6.559564392478675,5.7,7.9,3.6,1.5,30.200429491768077,0.7283979879381633,0.19496457823075505,N09,Leisure and Hospitality
2020-08-01,5289.0,32.3,10.242329821530488,4.0,4.2,1.4,0.5,95.44148232179995,0.16991224073377048,0.09716911983200935,N10,Other Services
2020-09-01,561.0,44.3,13.319384454436012,2.5,3.2,1.5,1.7,8.074866310160427,0.23399558498896247,0.15011037527593818,N01,Mining and Logging
2020-09-01,7253.0,38.9,12.238602753108689,3.0,5.2,2.1,2.3,55.783813594374735,0.5472812654473554,0.13645575877409788,N02,Construction
2020-09-01,12057.0,40.2,11.09628188017554,3.7,3.2,2.0,0.9,6.928755080036494,0.40160402202537704,0.1425664352406033,N03,Manufacturing
2020-09-01,26746.0,34.4,9.788574483551733,4.2,4.8,2.7,1.1,49.1897853884693,0.27961508934882906,0.09560438725173491,N04,"Trade, Transportation, and Utilities"
2020-09-01,2695.0,36.7,16.88481020934857,3.9,3.6,1.3,0.8,35.23562152133581,0.23136057287278855,0.10941449031171019,N05,Information
2020-09-01,8674.0,37.7,14.730939203144649,3.4,2.9,1.4,0.6,44.874337099377456,0.23476518343438496,0.08146644743602918,N06,Financial Activities
2020-09-01,20267.0,36.5,13.600156924887594,5.9,5.7,3.2,1.7,40.973997138204965,0.27867825919414274,0.11312347968497868,N07,Professional and Business Services
2020-09-01,23189.0,33.5,11.042435105020443,5.0,3.3,2.0,0.6,14.219673120876276,0.5790319645781525,0.17034633347485897,N08,Private Education and Health Services
2020-09-01,13065.0,25.9,6.56161417247122,5.8,8.1,4.0,1.6,25.667049368541907,0.7115464901294208,0.20764000715691536,N09,Leisure and Hospitality
2020-09-01,5334.0,32.3,10.22319488301788,4.1,4.4,1.9,1.2,79.2819647544057,0.17761119912979734,0.10061718177303791,N10,Other Services
2020-10-01,556.0,44.8,13.318274885813175,2.7,2.8,1.5,1.7,7.805755395683454,0.1912442396313364,0.1359447004608295,N01,Mining and Logging
2020-10-01,7301.0,38.9,12.25419581359793,3.2,5.3,1.8,2.5,52.46130667031913,0.5555062398830348,0.14226411153464572,N02,Construction
2020-10-01,12086.0,40.5,11.086397842646905,4.1,3.3,2.0,0.9,6.3999669038557006,0.4179702650290886,0.15539754363283775,N03,Manufacturing
2020-10-01,26947.0,34.4,9.761100803245249,4.3,5.0,2.8,1.2,46.24336660852785,0.2763457772927166,0.09849773697557218,N04,"Trade, Transportation, and Utilities"
2020-10-01,2684.0,36.8,17.12898405417968,4.5,4.6,1.4,1.3,33.04769001490313,0.22705749718151072,0.10586245772266066,N05,Information
2020-10-01,8691.0,37.7,14.866375485462068,3.5,2.9,1.5,0.5,44.69105971694857,0.22857289977086068,0.07659432043459231,N06,Financial Activities
2020-10-01,20455.0,36.7,13.560285649529998,5.8,5.5,3.0,1.7,38.60963089709117,0.2764510737439222,0.11402198136142626,N07,Professional and Business Services
2020-10-01,23278.0,33.5,11.055666317095564,5.3,3.2,2.1,0.7,13.130853166079559,0.5775371327618923,0.17274095400117778,N08,Private Education and Health Services
2020-10-01,13303.0,26.0,6.553497823823847,5.8,8.4,4.3,1.4,24.253175975343908,0.7084366476568311,0.21451152987850236,N09,Leisure and Hospitality
2020-10-01,5354.0,32.4,10.2028664830458,4.2,4.4,1.9,1.1,72.35711617482256,0.178884873515746,0.09834796076406814,N10,Other Services
2020-11-01,554.0,44.9,12.962274492068177,2.2,3.1,1.8,1.2,7.779783393501805,0.22505800464037123,0.14385150812064965,N01,Mining and Logging
2020-11-01,7321.0,39.1,12.268551345094687,3.4,5.2,2.1,2.4,52.406775030733506,0.5521932911095473,0.14061563322647067,N02,Construction
2020-11-01,12118.0,40.4,11.099570351575826,3.9,3.4,2.1,1.0,6.222148869450405,0.41923076923076924,0.15159151193633952,N03,Manufacturing
2020-11-01,27112.0,34.4,9.781113099869303,4.4,4.5,2.8,1.1,43.97093537916789,0.27901924270639356,0.10092774338584394,N04,"Trade, Transportation, and Utilities"
2020-11-01,2696.0,37.0,17.063289780806485,3.9,3.3,1.4,1.2,30.793768545994066,0.2375331245483016,0.11527342808961696,N05,Information
2020-11-01,8706.0,37.7,14.886302225663158,3.1,2.4,1.4,0.6,43.590627153687116,0.22967061923583662,0.08202898550724638,N06,Financial Activities
2020-11-01,20602.0,36.7,13.533350452836409,6.1,6.0,2.7,2.2,37.24492767692457,0.2842490747015587,0.11349893134546213,N07,Professional and Business Services
2020-11-01,23337.0,33.5,11.088072177869082,5.3,3.1,1.8,0.9,12.743711702446758,0.5871217215870881,0.16933422999327505,N08,Private Education and Health Services
2020-11-01,13260.0,25.8,6.511799042585402,6.0,7.9,4.6,3.7,23.248114630467573,0.7134005903915399,0.21983975086774582,N09,Leisure and Hospitality
2020-11-01,5344.0,32.4,10.248705497276848,4.2,4.1,2.3,1.4,67.92851796407186,0.18489848764496847,0.10490069144100714,N10,Other Services
2020-12-01,557.0,45.0,13.180942204583182,3.0,3.9,1.3,1.7,6.229802513464992,0.23919308357348704,0.11815561959654179,N01,Mining and Logging
2020-12-01,7357.0,39.0,12.242172146005457,3.3,5.3,2.1,2.7,44.622808209868154,0.5400712784428402,0.13418014560297298,N02,Construction
2020-12-01,12153.0,40.2,11.062985365109045,4.0,3.7,2.1,1.0,5.099975314737102,0.3889964504678929,0.14020651823168764,N03,Manufacturing
2020-12-01,27158.0,34.3,9.807475815222576,4.3,4.4,3.0,1.0,40.42970763679211,0.26025737939325494,0.09363473255676281,N04,"Trade, Transportation, and Utilities"
2020-12-01,2712.0,37.1,16.878780362151534,4.3,3.1,1.2,1.1,26.83259587020649,0.22385598460904219,0.10911089734780817,N05,Information
2020-12-01,8718.0,37.8,14.909652922208016,3.1,2.3,1.3,0.6,38.98944712089929,0.2136742078785561,0.07866788267482569,N06,Financial Activities
2020-12-01,20770.0,36.7,13.535843080386956,6.5,5.7,2.8,1.8,32.07944150216659,0.2769814945444176,0.11344909874078854,N07,Professional and Business Services
2020-12-01,23334.0,33.6,11.219447041538666,5.1,3.1,2.1,0.7,10.975829262021087,0.6036468704853384,0.17082503611729336,N08,Private Education and Health Services
2020-12-01,12798.0,25.2,6.517964471751034,5.9,6.5,5.1,4.0,21.01422097202688,0.7133561389157433,0.21369078604893285,N09,Leisure and Hospitality
2020-12-01,5313.0,32.3,10.246331736915415,4.0,3.3,1.9,1.4,60.03576134010917,0.18255635326206227,0.10530770918895194,N10,Other Services
2021-01-01,549.0,45.4,13.133501086844799,3.3,2.4,1.3,1.8,8.105646630236794,0.2449438202247191,0.15056179775280898,N01,Mining and Logging
2021-01-01,7362.0,39.3,12.23890028817566,4.0,4.5,1.8,2.4,60.93045368106493,0.5265176003745234,0.13879662037140245,N02,Construction
2021-01-01,12142.0,40.5,11.054981784405014,4.1,2.9,2.1,0.8,7.428759677153681,0.39767184035476716,0.13237250554323726,N03,Manufacturing
2021-01-01,27201.0,34.5,9.775892982903606,4.6,4.5,2.9,1.2,55.613028932759825,0.2692218703932625,0.10337601554804889,N04,"Trade, Transportation, and Utilities"
2021-01-01,2747.0,37.5,16.894631253164412,5.8,3.6,1.3,0.9,36.46159446669094,0.23192891373801916,0.11671325878594249,N05,Information
2021-01-01,8722.0,37.8,14.934123119910767,3.4,2.4,1.5,0.5,54.261637239165324,0.2235510385192385,0.08056711813552518,N06,Financial Activities
2021-01-01,20922.0,36.9,13.517989089677066,6.4,5.7,2.9,1.7,43.176082592486374,0.2907132498643906,0.11504101491149414,N07,Professional and Business Services
2021-01-01,23362.0,33.7,11.161572517863465,5.5,2.9,2.0,0.6,14.555260679736325,0.5867544994706505,0.17797906128690744,N08,Private Education and Health Services
2021-01-01,12801.0,25.7,6.547716483876248,5.5,7.0,5.0,1.6,31.017108038434497,0.7365822944213575,0.21485958947235864,N09,Leisure and Hospitality
2021-01-01,5314.0,32.6,10.255551283466636,4.3,3.9,1.8,1.7,87.39179525780956,0.18524978466838932,0.1084625322997416,N10,Other Services
2021-02-01,539.0,44.6,13.126994183906913,3.2,2.3,2.0,1.7,7.699443413729128,0.26265060240963856,0.15421686746987953,N01,Mining and Logging
2021-02-01,7278.0,38.2,12.24680266637327,3.3,4.9,2.3,3.2,53.06540258312723,0.5416483260402372,0.1423836772740219,N02,Construction
2021-02-01,12172.0,40.2,11.066890761403602,4.7,3.3,2.2,0.6,6.58642786723628,0.3954097542721716,0.14481726331545466,N03,Manufacturing
2021-02-01,27277.0,34.3,9.723839911373819,5.0,4.3,2.8,1.1,48.85727902628588,0.27101029504457186,0.1007968904763334,N04,"Trade, Transportation, and Utilities"
2021-02-01,2764.0,37.2,16.917129209838418,3.8,3.3,1.5,1.0,32.95586107091172,0.2103414205730596,0.10703699637720936,N05,Information
2021-02-01,8718.0,37.7,15.031546519259878,3.8,2.3,1.4,0.6,50.290204175269565,0.22138083616540838,0.07882672262390804,N06,Financial Activities
2021-02-01,20999.0,36.4,13.582265658493279,6.6,5.6,3.1,2.0,39.24758321824849,0.28251795767812077,0.11574208891477383,N07,Professional and Business Services
2021-02-01,23413.0,33.2,11.161738985275763,6.4,3.0,2.0,0.7,12.838593943535644,0.5955953291859343,0.174756312585249,N08,Private Education and Health Services
2021-02-01,13142.0,25.4,6.624199955231639,6.8,8.5,4.4,1.5,26.874904885101202,0.7312494691242674,0.20866955463065207,N09,Leisure and Hospitality
2021-02-01,5324.0,32.1,10.304311041471436,5.7,4.5,2.2,1.5,77.2389181066867,0.18036574096590632,0.1078254948689266,N10,Other Services
2021-03-01,553.0,45.2,13.028332471571288,4.2,4.8,1.5,0.8,7.7215189873417724,0.22482435597189696,0.1358313817330211,N01,Mining and Logging
2021-03-01,7399.0,39.4,12.167828472869592,4.5,5.9,2.4,2.2,54.93445060143262,0.56389312601486,0.14082566550214043,N02,Construction
2021-03-01,12229.0,40.4,11.009167386898449,5.7,3.6,2.2,0.9,6.673481069588682,0.3994608503859821,0.14655066781031736,N03,Manufacturing
2021-03-01,27423.0,34.5,9.714637248500722,5.9,4.8,3.1,1.0,50.13091200816832,0.27769614618036864,0.10167740809171188,N04,"Trade, Transportation, and Utilities"
2021-03-01,2770.0,37.1,16.617539939840203,3.7,3.7,2.1,1.0,33.46931407942238,0.23125876388739078,0.11282493797864308,N05,Information
2021-03-01,8736.0,37.6,15.013530293137482,3.7,2.5,1.4,0.7,50.716575091575095,0.22628989301674718,0.08181736107976346,N06,Financial Activities
2021-03-01,21109.0,36.7,13.485003453338415,6.9,5.5,3.0,1.9,40.379932730115115,0.2838640043173233,0.114315211525376,N07,Professional and Business Services
2021-03-01,23536.0,33.5,11.107295035873204,5.8,3.3,2.2,0.6,13.303025152957172,0.5961034813158735,0.1696901948259342,N08,Private Education and Health Services
2021-03-01,13298.0,26.3,6.6198421654507635,7.6,8.2,5.5,1.4,27.19055497067228,0.7336688976160186,0.21851319210133305,N09,Leisure and Hospitality
2021-03-01,5335.0,32.6,10.292080721313702,4.5,4.0,2.2,1.2,81.24461105904405,0.17693337024732372,0.10589700996677741,N10,Other Services
2021-04-01,555.0,45.3,12.977563068706072,3.5,3.8,1.8,1.2,8.864864864864865,0.258130081300813,0.1443089430894309,N01,Mining and Logging
2021-04-01,7400.0,39.1,12.208661210589092,4.1,4.6,2.5,2.0,60.52567567567568,0.5326754337002388,0.12748665967090134,N02,Construction
2021-04-01,12193.0,40.4,10.99717194145844,6.5,3.1,2.4,0.8,7.295989502173378,0.40625,0.14118705035971224,N03,Manufacturing
2021-04-01,27387.0,34.7,9.733172301529553,5.8,4.6,3.4,0.9,56.22740716398291,0.2744788622637834,0.0928566790051302,N04,"Trade, Transportation, and Utilities"
2021-04-01,2796.0,37.2,16.649538283811054,4.4,4.3,2.0,0.9,35.343347639484975,0.21372191863995144,0.10655737704918032,N05,Information
2021-04-01,8750.0,37.6,14.969206418267609,4.7,2.3,1.5,0.5,52.64228571428571,0.2185098345707959,0.08086926316703573,N06,Financial Activities
2021-04-01,21103.0,36.7,13.498916035917096,7.6,5.6,3.4,1.6,42.92801971283704,0.2630283361481825,0.10951419015133954,N07,Professional and Business Services
2021-04-01,23584.0,33.3,11.120946386911415,6.3,3.1,2.2,0.6,14.145183175033921,0.5699040767386091,0.16199040767386091,N08,Private Education and Health Services
2021-04-01,13568.0,26.6,6.680069313689454,8.8,9.5,5.8,1.5,33.085200471698116,0.7401425707284474,0.19683671196257518,N09,Leisure and Hospitality
2021-04-01,5358.0,32.5,10.273278972597089,5.9,4.5,2.4,1.3,98.17842478536768,0.1514333510759638,0.09134286366055813,N10,Other Services
2021-05-01,557.0,45.1,12.899475749209152,4.3,3.5,1.5,1.2,9.92818671454219,0.18806509945750452,0.11573236889692586,N01,Mining and Logging
2021-05-01,7391.0,39.0,12.191532250552383,3.9,4.3,2.2,2.3,62.31497767555134,0.5111275159042057,0.12688624964717632,N02,Construction
2021-05-01,12216.0,40.4,10.99548033966384,6.8,3.4,2.1,0.8,6.872134905042567,0.3837998808814771,0.1354377605717689,N03,Manufacturing
2021-05-01,27431.0,34.7,9.739812134151569,5.8,4.7,3.3,0.9,55.368014290401376,0.2746839610218594,0.09415986304977614,N04,"Trade, Transportation, and Utilities"
2021-05-01,2816.0,37.2,16.521165647600633,5.1,3.6,1.8,1.0,36.06534090909091,0.2093343836155967,0.10998424576604962,N05,Information
2021-05-01,8761.0,37.6,15.000950134695564,4.5,2.4,1.4,0.5,53.714187878096105,0.21830043137338234,0.08236469113240825,N06,Financial Activities
2021-05-01,21176.0,36.8,13.506816750688383,8.1,5.5,3.3,1.5,44.47676615035889,0.25867450947082304,0.11064512019026586,N07,Professional and Business Services
2021-05-01,23616.0,33.4,11.081178763185449,6.9,3.1,2.2,0.6,14.510501355013549,0.5820590638496557,0.1629508579432707,N08,Private Education and Health Services
2021-05-01,13802.0,26.5,6.747819347723216,9.4,8.8,5.7,1.3,33.41182437327924,0.7423831725035238,0.19468719505583867,N09,Leisure and Hospitality
2021-05-01,5370.0,32.5,10.272632767351137,8.3,4.0,2.6,1.0,100.27188081936686,0.15273186494818555,0.09438026965791331,N10,Other Services
2021-06-01,559.0,45.1,12.80601801562142,3.7,3.3,1.9,0.7,7.853309481216458,0.24829157175398633,0.17312072892938496,N01,Mining and Logging
2021-06-01,7393.0,38.7,12.126183245028708,4.2,4.8,2.3,2.4,56.37359664547545,0.5399380953523526,0.13331093888715598,N02,Construction
2021-06-01,12247.0,40.3,10.936472396491462,6.8,3.7,2.4,0.8,6.269290438474728,0.3980203177910914,0.14482938265173223,N03,Manufacturing
2021-06-01,27571.0,34.6,9.720898268638187,6.4,5.5,3.5,1.0,47.36135794856914,0.28802266809618626,0.10199111655689999,N04,"Trade, Transportation, and Utilities"
2021-06-01,2824.0,37.0,16.38254006960917,5.5,3.8,1.8,1.2,31.3314447592068,0.23010849909584086,0.11064647377938518,N05,Information
2021-06-01,8773.0,37.6,14.81965904808353,3.9,2.6,1.5,0.5,50.43770659979483,0.21288616691902643,0.08212614974349702,N06,Financial Activities
2021-06-01,21257.0,36.6,13.526495082282175,8.3,5.8,3.5,1.4,39.97883050289317,0.27031288610663307,0.11169292682065825,N07,Professional and Business Services
2021-06-01,23642.0,33.4,11.02884125119156,7.1,3.3,2.3,0.6,13.010743591912696,0.5931404421326398,0.1720416124837451,N08,Private Education and Health Services
2021-06-01,14085.0,26.5,6.802042460115129,10.1,8.6,5.8,1.0,27.49520766773163,0.7239135486869626,0.21625739148397757,N09,Leisure and Hospitality
2021-06-01,5438.0,32.3,10.204911067266695,7.1,4.4,2.1,1.1,85.14711290915778,0.1661879359868691,0.09902166166339114,N10,Other Services
2021-07-01,561.0,45.1,12.824426357929111,5.5,3.3,1.6,1.1,8.217468805704101,0.22125813449023862,0.14533622559652928,N01,Mining and Logging
2021-07-01,7425.0,38.9,12.107258838629953,4.8,4.6,2.2,1.7,55.13939393939394,0.5309836105615398,0.1374905351603527,N02,Construction
2021-07-01,12305.0,40.4,10.934046332699527,6.8,3.9,2.4,0.9,6.377895164567249,0.39143730886850153,0.14271151885830785,N03,Manufacturing
2021-07-01,27652.0,34.5,9.731411569567088,6.2,5.0,3.5,1.0,46.32250831766237,0.2886853877321592,0.1040510262235442,N04,"Trade, Transportation, and Utilities"
2021-07-01,2881.0,37.1,16.35141944002089,7.0,4.3,1.7,0.9,31.19402985074627,0.22643818849449204,0.10726605096250139,N05,Information
2021-07-01,8808.0,37.6,14.78468424401349,5.9,2.7,1.5,0.6,50.13396911898275,0.2095203587118982,0.0791702522759183,N06,Financial Activities
2021-07-01,21418.0,36.8,13.504816055725755,8.8,6.2,3.2,2.0,39.911756466523485,0.2671993261818139,0.11125019009627646,N07,Professional and Business Services
2021-07-01,23684.0,33.4,11.033346450756335,7.3,3.2,2.5,0.4,13.319118392163485,0.5851640513552069,0.1628150261531146,N08,Private Education and Health Services
2021-07-01,14495.0,26.6,6.825963670867918,11.0,9.9,5.6,1.1,26.130389789582615,0.7214594994191572,0.21480620973703665,N09,Leisure and Hospitality
2021-07-01,5494.0,32.2,10.180100991897845,7.4,4.7,2.3,1.3,82.9286494357481,0.16821404271196858,0.10269748249599438,N10,Other Services
2021-08-01,565.0,45.0,12.846748522055481,5.4,3.6,1.8,1.0,8.548672566371682,0.2277432712215321,0.13871635610766045,N01,Mining and Logging
2021-08-01,7432.0,38.9,12.131614076779767,5.0,4.9,2.5,2.0,54.550592034445636,0.5375659809580189,0.13761037935967638,N02,Construction
2021-08-01,12353.0,40.5,10.936055978523964,6.4,3.9,2.4,0.9,6.087590059094957,0.40784574468085105,0.1452127659574468,N03,Manufacturing
2021-08-01,27703.0,34.5,9.725828455749681,6.7,5.0,3.7,1.0,45.11713532830379,0.2763865331071783,0.1014257368707396,N04,"Trade, Transportation, and Utilities"
2021-08-01,2903.0,36.9,16.290395927767758,6.9,4.0,1.8,1.1,29.769204271443336,0.2262207822263365,0.10622541078454062,N05,Information
2021-08-01,8826.0,37.6,14.724434860420427,5.3,2.4,1.4,0.5,49.74960344436891,0.20312464415040196,0.07604363570110911,N06,Financial Activities
2021-08-01,21535.0,36.6,13.528876762164622,8.7,5.7,3.4,1.3,37.94474111910843,0.2736495582152385,0.1143500501750006,N07,Professional and Business Services
2021-08-01,23708.0,33.4,11.053411374671771,7.0,3.4,2.5,0.5,12.740846971486416,0.5922664371316957,0.1704628219559028,N08,Private Education and Health Services
2021-08-01,14621.0,26.2,6.88729481142455,10.6,8.2,5.6,1.5,24.113945694548935,0.729727430013898,0.21629747284227246,N09,Leisure and Hospitality
2021-08-01,5532.0,32.3,10.217254177118631,7.0,3.8,2.3,0.9,76.54193781634129,0.17412559336844344,0.10466901258767683,N10,Other Services
2021-09-01,566.0,45.4,12.803475594173266,5.3,2.7,1.7,0.4,7.968197879858657,0.22394678492239467,0.13968957871396895,N01,Mining and Logging
2021-09-01,7484.0,39.6,12.14632543536198,4.6,4.7,2.6,1.4,54.607161945483696,0.5426250367035333,0.13448174610942545,N02,Construction
2021-09-01,12393.0,40.5,10.94520097842357,7.0,4.0,2.7,0.9,5.87751149842653,0.41474464579901155,0.15334980779791324,N03,Manufacturing
2021-09-01,27832.0,34.5,9.725822350407068,6.7,5.0,3.6,0.8,45.300373670595,0.27654663705583754,0.10133248730964467,N04,"Trade, Transportation, and Utilities"
2021-09-01,2917.0,36.8,16.224307254207584,6.5,4.2,1.8,1.2,28.854988001371275,0.22513959843174527,0.10478792919092313,N05,Information
2021-09-01,8851.0,37.6,14.672702712569821,5.0,3.2,1.7,0.5,50.10168342560163,0.20683278836396438,0.07642349757582591,N06,Financial Activities
2021-09-01,21636.0,36.7,13.540944105728158,8.3,6.2,3.5,1.9,37.770844888149384,0.27842292678748426,0.11489090931339557,N07,Professional and Business Services
2021-09-01,23705.0,33.4,11.156949362929428,7.5,3.6,2.8,0.6,12.518456021936299,0.605189553496209,0.17172704296545915,N08,Private Education and Health Services
2021-09-01,14746.0,26.1,6.9256325070278555,9.6,8.1,5.7,1.4,23.544690085446902,0.7237247616578818,0.21645208675365074,N09,Leisure and Hospitality
2021-09-01,5539.0,32.3,10.193129130006206,7.7,4.1,2.5,1.0,75.24823975446832,0.17320057581573897,0.10347888675623801,N10,Other Services
2021-10-01,569.0,44.8,12.713794973784124,5.3,3.8,2.0,1.0,7.996485061511423,0.2153846153846154,0.16263736263736264,N01,Mining and Logging
2021-10-01,7518.0,38.6,12.073766045922978,5.0,5.0,2.5,1.8,53.8707102952913,0.5517777777777778,0.1368148148148148,N02,Construction
2021-10-01,12453.0,40.3,10.891339721569336,7.1,4.0,2.4,0.8,5.959206616879467,0.40331491712707185,0.14539819431343484,N03,Manufacturing
2021-10-01,27988.0,34.5,9.669137588139575,6.6,5.0,3.4,0.9,43.73910247248821,0.28059828291822214,0.10149734105557234,N04,"Trade, Transportation, and Utilities"
2021-10-01,2938.0,36.8,16.076658832037605,6.6,4.8,2.1,1.1,29.077603812117086,0.22685239377267938,0.10745639705021655,N05,Information
2021-10-01,8879.0,37.6,14.651961670583983,4.8,2.6,1.5,0.4,52.76044599617074,0.19959014643726253,0.07358152243521325,N06,Financial Activities
2021-10-01,21873.0,36.7,13.491231242090038,8.8,6.3,3.4,1.4,38.320760755269056,0.28955248809935696,0.11119197318030519,N07,Professional and Business Services
2021-10-01,23800.0,33.4,11.104682697523053,8.1,3.6,2.5,0.5,12.788655462184874,0.6060058481453494,0.16966192463120544,N08,Private Education and Health Services
2021-10-01,14949.0,26.1,6.957150605677091,9.7,7.9,5.2,1.3,22.88380493678507,0.7263293285392733,0.21815896401531762,N09,Leisure and Hospitality
2021-10-01,5578.0,32.3,10.153679262339539,7.5,4.0,2.4,0.9,72.96163499462173,0.17615116221927368,0.10464887709469753,N10,Other Services
2021-11-01,572.0,45.1,12.71336839727663,5.0,3.3,1.9,0.8,9.737762237762237,0.23159784560143626,0.16337522441651706,N01,Mining and Logging
2021-11-01,7562.0,39.1,11.996314342156685,4.8,5.9,3.0,2.0,56.284051838138055,0.5466613411023918,0.133710821859875,N02,Construction
2021-11-01,12498.0,40.5,10.820345691759973,6.3,4.0,2.5,0.7,6.0105616898703795,0.4108093716719915,0.1472310969116081,N03,Manufacturing
2021-11-01,28151.0,34.7,9.637206500812063,6.7,5.1,3.4,0.9,42.56758196866897,0.2863842713131718,0.10192602977501836,N04,"Trade, Transportation, and Utilities"
2021-11-01,2957.0,36.9,15.97954961834798,6.8,3.7,1.8,1.1,29.431856611430504,0.22716304722509478,0.11651154774215787,N05,Information
2021-11-01,8911.0,37.5,14.592050021690886,5.4,2.8,1.7,0.3,52.82010997643362,0.20234554261918924,0.07115237528681907,N06,Financial Activities
2021-11-01,22019.0,36.7,13.401740290191777,8.5,6.4,3.8,1.6,39.27562559607612,0.2897399428776263,0.10993166128976307,N07,Professional and Business Services
2021-11-01,23845.0,33.4,11.060558800225156,8.1,3.6,2.8,0.6,12.907108408471377,0.5949897650843162,0.1722065178542418,N08,Private Education and Health Services
2021-11-01,15071.0,26.2,6.933912713009871,9.6,8.2,5.9,1.2,23.483511379470507,0.7262375678119349,0.21696993670886075,N09,Leisure and Hospitality
2021-11-01,5598.0,32.4,10.09970636636443,7.7,4.4,2.4,1.1,72.15434083601286,0.1820905129728659,0.10591206179441473,N10,Other Services
2021-12-01,577.0,45.3,12.65110648222329,6.0,3.8,2.3,0.8,7.79896013864818,0.21333333333333335,0.14,N01,Mining and Logging
2021-12-01,7595.0,39.3,11.974576723815627,4.7,5.1,2.4,1.9,52.95720868992758,0.5360135252728674,0.13507869023644364,N02,Construction
2021-12-01,12537.0,40.5,10.803112036888674,6.5,3.9,2.6,0.8,5.914493100422749,0.40256237356709373,0.1495616992582603,N03,Manufacturing
2021-12-01,28262.0,34.8,9.624525984083746,6.5,4.8,3.7,0.7,44.334442006935106,0.2645932097878657,0.09510127855193219,N04,"Trade, Transportation, and Utilities"
2021-12-01,2967.0,37.0,15.994587761932738,7.7,3.7,1.8,1.2,29.106841927873273,0.20842982862436313,0.103056970819824,N05,Information
2021-12-01,8938.0,37.5,14.495540244618917,5.4,2.8,1.6,0.5,51.632356231819195,0.19885587986738607,0.07332769940843789,N06,Financial Activities
2021-12-01,22129.0,36.7,13.402410582349694,8.6,6.0,3.5,1.7,37.4522120294636,0.27872294215594007,0.1080021236033688,N07,Professional and Business Services
2021-12-01,23886.0,33.5,11.048799159678826,8.3,3.6,2.4,0.9,12.723352591476178,0.6069560067125136,0.16847092889342238,N08,Private Education and Health Services
2021-12-01,15246.0,26.2,6.921967633392084,10.0,8.2,5.5,1.1,22.322576413485503,0.7204771839097347,0.21814121587870597,N09,Leisure and Hospitality
2021-12-01,5617.0,32.2,10.058929302640246,7.6,4.5,2.5,1.1,71.39576286273811,0.17455053237912377,0.10410692466897738,N10,Other Services
2022-01-01,578.0,44.0,12.497212813624829,6.4,3.7,2.0,1.2,8.42560553633218,0.24435318275154005,0.15195071868583163,N01,Mining and Logging
2022-01-01,7595.0,38.8,11.973398739306937,5.4,4.2,2.3,1.8,54.38973008558263,0.5350165823428309,0.13445011982860877,N02,Construction
2022-01-01,12564.0,40.3,10.805434924949477,6.7,3.8,2.4,0.9,6.045845272206304,0.41390205371248023,0.14323328067403895,N03,Manufacturing
2022-01-01,28318.0,34.0,9.616235404876425,6.1,4.7,3.6,0.9,46.88678578995692,0.2524063446156627,0.09029629294892072,N04,"Trade, Transportation, and Utilities"
2022-01-01,2984.0,36.8,15.95863284526603,7.4,4.5,1.7,2.0,28.964477211796247,0.22816151799143816,0.10575031817655907,N05,Information
2022-01-01,8934.0,37.5,14.461515592316921,5.5,2.8,1.9,0.4,51.73382583389299,0.2015404920054523,0.07252428654882191,N06,Financial Activities
2022-01-01,22183.0,36.7,13.406808875109277,8.6,5.7,3.6,1.4,37.076139386016315,0.2808525642584442,0.10810252170318313,N07,Professional and Business Services
2022-01-01,23869.0,33.4,11.067341962108422,8.0,3.5,2.7,0.7,13.204574971720643,0.6236436322101656,0.17272669585633607,N08,Private Education and Health Services
2022-01-01,15329.0,25.6,6.887447220423086,9.5,7.9,5.6,1.3,21.99556396372888,0.7287125189073761,0.22113473915235637,N09,Leisure and Hospitality
2022-01-01,5603.0,32.2,10.023253097758571,7.4,3.6,2.8,0.9,69.75013385686239,0.18592154755507792,0.10769939356720658,N10,Other Services
2022-02-01,581.0,45.3,12.506151142355007,5.3,3.3,1.9,0.7,8.640275387263339,0.20916334661354583,0.11952191235059761,N01,Mining and Logging
2022-02-01,7651.0,39.3,11.936731107205624,4.6,5.2,2.3,1.8,51.88079989543851,0.5408122134327606,0.1350581951932282,N02,Construction
2022-02-01,12601.0,40.6,10.713532513181018,6.1,3.9,2.6,0.8,5.887627966034442,0.4030192748348834,0.14004582827874376,N03,Manufacturing
2022-02-01,28528.0,34.2,9.56414762741652,6.5,5.1,3.4,0.8,46.037927650028045,0.2511173545916231,0.08845945925367565,N04,"Trade, Transportation, and Utilities"
2022-02-01,2990.0,36.9,15.947275922671352,7.5,2.6,1.6,0.4,28.698996655518396,0.2230509264654469,0.10360097890688731,N05,Information
2022-02-01,8976.0,37.6,14.330404217926187,5.3,2.9,1.7,0.5,50.261809269162214,0.20008866230743655,0.07212678709963427,N06,Financial Activities
2022-02-01,22372.0,36.7,13.363796133567662,9.6,6.2,3.3,1.8,36.417396745932415,0.26792925263584255,0.11024511187755452,N07,Professional and Business Services
2022-02-01,23984.0,33.4,11.012302284710017,8.4,3.7,2.6,0.6,12.369079386257503,0.610193487494101,0.16995887548034788,N08,Private Education and Health Services
2022-02-01,15462.0,26.0,6.864674868189807,9.9,7.6,5.1,1.5,21.59423101797956,0.7256881008715446,0.21887447961903622,N09,Leisure and Hospitality
2022-02-01,5648.0,32.2,9.971880492091389,6.9,4.5,2.6,0.7,67.63987252124646,0.18406931392822554,0.10776640577965081,N10,Other Services
2022-03-01,589.0,45.7,12.423785256922768,6.4,4.1,2.3,0.6,8.098471986417657,0.2348008385744235,0.14675052410901468,N01,Mining and Logging
2022-03-01,7692.0,38.6,11.867600130703506,5.6,5.3,3.3,1.6,50.72802912116485,0.5611225012813942,0.13641722193746797,N02,Construction
2022-03-01,12674.0,40.6,10.633564381904517,6.7,4.1,2.7,0.8,5.900268265740887,0.41214228403316394,0.13546402781492378,N03,Manufacturing
2022-03-01,28593.0,34.0,9.524670286504863,7.4,4.7,3.3,0.9,43.374951911306965,0.2585105868313686,0.09041137862637275,N04,"Trade, Transportation, and Utilities"
2022-03-01,3018.0,36.9,15.795657584627044,8.0,3.6,1.6,0.6,25.33134526176276,0.2325703073904513,0.11157619359058207,N05,Information
2022-03-01,9002.0,37.6,14.266148487524072,5.3,2.8,1.8,0.4,48.644745612086204,0.2052980132450331,0.07339575245489838,N06,Financial Activities
2022-03-01,22483.0,36.7,13.296300673679234,9.9,5.9,3.5,1.8,35.16612551705733,0.26962966710513003,0.11016391783871295,N07,Professional and Business Services
2022-03-01,24057.0,33.5,10.91860925909189,8.7,3.4,2.4,0.6,12.269609677017083,0.6145272216011112,0.16905512077785684,N08,Private Education and Health Services
2022-03-01,15523.0,26.1,6.8376008954580545,9.6,7.7,6.0,1.1,20.456097403852347,0.7147445991056245,0.2295143918876362,N09,Leisure and Hospitality
2022-03-01,5651.0,32.3,9.882714461508515,6.9,4.0,2.4,1.1,67.78092373031322,0.1776362164843485,0.10487429183092709,N10,Other Services
2022-04-01,596.0,45.6,12.143013089086883,6.2,4.3,2.2,0.6,9.12751677852349,0.2536764705882353,0.17095588235294118,N01,Mining and Logging
2022-04-01,7698.0,38.9,11.893499121502908,5.4,4.6,3.0,1.4,52.98259288126786,0.5386407100475653,0.1286470847839945,N02,Construction
2022-04-01,12726.0,40.4,10.66672211421502,7.5,3.9,2.6,0.8,6.073393053591073,0.3906068055375857,0.1293828438349075,N03,Manufacturing
2022-04-01,28595.0,34.1,9.512720014139125,6.3,4.7,3.5,0.8,42.9673019758699,0.2739266674805681,0.0894477678753103,N04,"Trade, Transportation, and Utilities"
2022-04-01,3034.0,36.8,15.89958448993454,8.3,3.6,1.7,1.1,27.55438365194463,0.21375598086124403,0.10107655502392345,N05,Information
2022-04-01,9037.0,37.6,14.274278228866688,5.8,3.1,2.1,0.3,49.186676994577844,0.19808773903262092,0.06987626546681665,N06,Financial Activities
2022-04-01,22468.0,36.7,13.345531793970771,9.3,5.8,3.8,1.4,36.46653017625067,0.2602126127445596,0.10612329586369351,N07,Professional and Business Services
2022-04-01,24117.0,33.5,10.926632497114996,8.3,3.5,2.5,0.6,12.726292656632252,0.5855923367652809,0.1605955949433077,N08,Private Education and Health Services
2022-04-01,15626.0,26.0,6.875495995647368,9.4,7.5,5.5,1.3,23.643926788685526,0.7404590483408218,0.20167271152492827,N09,Leisure and Hospitality
2022-04-01,5657.0,32.3,9.91124926791909,7.1,3.9,2.4,1.1,80.81138412586176,0.1494257902220278,0.08769550475773816,N10,Other Services
2022-05-01,600.0,46.0,12.159369442975922,5.6,4.2,2.5,0.9,9.200000000000001,0.21920289855072464,0.17391304347826086,N01,Mining and Logging
2022-05-01,7738.0,39.0,11.857273307746706,5.0,4.9,2.6,1.5,55.94468855001292,0.5209517209517209,0.12864402864402866,N02,Construction
2022-05-01,12735.0,40.4,10.576797643650144,5.9,3.5,2.4,0.8,5.969375736160188,0.40160484083136017,0.14154169955274928,N03,Manufacturing
2022-05-01,28572.0,34.1,9.47483333218903,6.4,4.3,3.1,0.9,41.06152876942461,0.2831036216875069,0.09410080036822052,N04,"Trade, Transportation, and Utilities"
2022-05-01,3057.0,36.8,15.87377874204423,7.5,3.6,1.9,0.9,27.40268236833497,0.2194102900799809,0.10015518682105766,N05,Information
2022-05-01,9049.0,37.5,14.164189249497078,6.0,2.6,1.5,0.6,50.12266548789921,0.20771232031043302,0.07169944439544934,N06,Financial Activities
2022-05-01,22503.0,36.6,13.264766665064641,9.0,5.9,3.5,1.8,37.931831311380705,0.2677897795168584,0.10772276763747979,N07,Professional and Business Services
2022-05-01,24176.0,33.5,10.868595046996546,8.3,3.5,2.5,0.7,13.019523494374587,0.6017918414029737,0.16685728809251493,N08,Private Education and Health Services
2022-05-01,15704.0,25.8,6.879552897719861,9.3,7.6,5.8,1.2,22.57004584819154,0.7273445435052477,0.21583342737839972,N09,Leisure and Hospitality
2022-05-01,5665.0,32.3,9.83872185871513,6.6,4.0,2.3,1.5,76.36893203883496,0.16945195663731133,0.09976192127221875,N10,Other Services
2022-06-01,608.0,46.3,12.150923693962172,6.1,4.4,2.2,0.5,8.256578947368421,0.23107569721115537,0.1593625498007968,N01,Mining and Logging
2022-06-01,7761.0,38.8,11.767817003834457,4.9,4.8,2.0,2.3,52.52673624532921,0.5372614433596624,0.13187460138350587,N02,Construction
2022-06-01,12767.0,40.3,10.445590374190136,6.3,3.8,2.5,0.8,5.771911960523224,0.4166101234902972,0.13136110734156603,N03,Manufacturing
2022-06-01,28646.0,34.1,9.367467122326305,5.4,4.5,3.1,0.8,37.78188926900789,0.29272844867411996,0.09679386491730574,N04,"Trade, Transportation, and Utilities"
2022-06-01,3076.0,36.7,15.778571113755566,7.6,3.9,1.9,1.1,26.352405721716515,0.22230446582778188,0.10189982728842832,N05,Information
2022-06-01,9059.0,37.4,14.059676495217946,6.8,2.6,1.6,0.5,46.68727232586378,0.2046389558802667,0.0723034000094576,N06,Financial Activities
2022-06-01,22564.0,36.6,13.134117854466924,9.2,5.7,3.4,1.8,36.70581457188442,0.2663149125242988,0.10669741496927182,N07,Professional and Business Services
2022-06-01,24267.0,33.5,10.791403492712497,8.2,3.6,2.4,0.6,12.451065232620431,0.603144133708423,0.1667714711236141,N08,Private Education and Health Services
2022-06-01,15794.0,25.8,6.80438165563116,9.1,7.4,5.4,1.5,21.87033050525516,0.7197614498291934,0.21504255688726767,N09,Leisure and Hospitality
2022-06-01,5674.0,32.2,9.75735446183681,7.2,3.8,2.7,1.1,71.3835037010927,0.17228353455299608,0.09932597585364047,N10,Other Services
2022-07-01,614.0,46.4,12.318887265057828,5.6,4.0,1.9,0.7,8.680781758957655,0.22138836772983114,0.150093808630394,N01,Mining and Logging
2022-07-01,7792.0,38.8,11.806871857123966,4.7,5.0,2.4,1.9,56.1332135523614,0.5370035894739249,0.1252886440019205,N02,Construction
2022-07-01,12800.0,40.4,10.484447955837824,6.4,3.4,2.1,0.8,5.77890625,0.39610652967419224,0.14100310936866298,N03,Manufacturing
2022-07-01,28702.0,34.3,9.42650883480891,5.7,4.4,3.1,1.0,39.01853529370776,0.2918538096811351,0.09693636095757695,N04,"Trade, Transportation, and Utilities"
2022-07-01,3094.0,36.7,15.835178510272522,6.9,3.3,1.6,1.3,26.59340659340659,0.2182790471560525,0.10768108896451142,N05,Information
2022-07-01,9073.0,37.4,14.116027438600536,6.6,2.5,1.9,0.3,47.542158051361184,0.20994551987944823,0.0740697809203663,N06,Financial Activities
2022-07-01,22658.0,36.6,13.197112368732475,8.5,5.6,3.5,1.5,38.14149527760614,0.2618807928628458,0.10826072366670138,N07,Professional and Business Services
2022-07-01,24395.0,33.4,10.857439312610838,8.6,3.7,2.2,0.7,12.990366878458701,0.599652887346166,0.16942253076680341,N08,Private Education and Health Services
2022-07-01,15931.0,25.8,6.852868473075111,9.2,7.4,5.2,1.4,22.71985437197916,0.7139936455311507,0.20582953446608648,N09,Leisure and Hospitality
2022-07-01,5707.0,32.4,9.796109361065804,7.2,3.8,2.1,1.0,72.90695636937095,0.17251490098058067,0.10099019419342434,N10,Other Services
2022-08-01,612.0,46.2,12.287485132007442,3.6,2.8,2.2,0.8,8.807189542483659,0.21706864564007422,0.15398886827458255,N01,Mining and Logging
2022-08-01,7801.0,38.7,11.836785870408715,4.3,4.9,3.0,1.6,54.67888732213819,0.5343101629351776,0.12870706833899895,N02,Construction
2022-08-01,12832.0,40.3,10.515186531886126,6.0,3.7,2.3,0.9,5.600841645885287,0.3841658550160011,0.13051342702101015,N03,Manufacturing
2022-08-01,28748.0,34.1,9.437574763552323,5.3,4.7,3.2,1.2,39.54257687491304,0.2890206462169128,0.09675659983989725,N04,"Trade, Transportation, and Utilities"
2022-08-01,3097.0,36.6,16.00829557738642,6.3,3.7,1.8,1.9,25.731352922182758,0.2160873384364412,0.1046555402183461,N05,Information
2022-08-01,9092.0,37.4,14.127558057181197,5.5,2.6,1.6,0.6,46.18895732512098,0.20681033456363854,0.07129420169067746,N06,Financial Activities
2022-08-01,22697.0,36.6,13.215993385225877,7.3,5.2,3.1,1.8,37.770630479799095,0.25676558417319895,0.10611468831653602,N07,Professional and Business Services
2022-08-01,24468.0,33.4,10.877779170916684,7.9,3.5,2.4,0.5,12.627922184077162,0.6004272121172891,0.1653828726778432,N08,Private Education and Health Services
2022-08-01,15990.0,25.7,6.889260141580565,8.4,7.4,5.5,1.4,22.340838023764853,0.7036083195700249,0.2075133667385158,N09,Leisure and Hospitality
2022-08-01,5719.0,32.2,9.80016740258288,4.0,4.0,3.1,1.0,71.96363000524568,0.1732432695111284,0.0998882301487025,N10,Other Services
2022-09-01,614.0,46.4,12.272691994911405,5.2,3.8,2.1,1.0,8.192182410423452,0.21073558648111332,0.1411530815109344,N01,Mining and Logging
2022-09-01,7832.0,38.7,11.847517622802844,5.3,4.9,2.0,2.3,54.09090909090909,0.5502077235388537,0.13039373052591824,N02,Construction
2022-09-01,12849.0,40.3,10.504506510904372,6.0,3.1,2.0,0.7,5.844812825900848,0.4045272969374168,0.1359520639147803,N03,Manufacturing
2022-09-01,28720.0,34.1,9.43819618085433,5.5,4.4,3.2,1.1,40.91121169916435,0.2900244261555614,0.09504072444402836,N04,"Trade, Transportation, and Utilities"
2022-09-01,3095.0,36.6,16.156626140125326,6.5,3.1,2.0,0.8,25.922455573505655,0.22111429639785615,0.10669325688645145,N05,Information
2022-09-01,9097.0,37.4,14.158981471170817,4.6,2.5,1.5,0.7,46.90777179289876,0.20964566929133857,0.07018653918260218,N06,Financial Activities
2022-09-01,22744.0,36.7,13.187154334922676,8.6,5.2,3.3,1.4,37.68686246922265,0.2627078107682436,0.10728577261856151,N07,Professional and Business Services
2022-09-01,24552.0,33.5,10.835197689211032,8.3,3.4,2.3,0.6,12.38351254480287,0.6102486514932246,0.17099723720563084,N08,Private Education and Health Services
2022-09-01,16052.0,25.6,6.893898747760242,8.5,7.1,5.4,1.0,22.027784699725892,0.7087021691789926,0.21123334935942759,N09,Leisure and Hospitality
2022-09-01,5730.0,32.2,9.826252155397858,4.1,4.1,2.6,0.8,67.75392670157068,0.18264946037142932,0.1078999562115241,N10,Other Services
2022-10-01,618.0,46.4,12.201055679900136,6.9,3.6,2.1,0.7,8.72168284789644,0.22634508348794063,0.17068645640074212,N01,Mining and Logging
2022-10-01,7847.0,38.8,11.835292459573097,4.8,4.5,2.0,2.1,54.73301898814833,0.5559850054716059,0.12952571654753312,N02,Construction
2022-10-01,12883.0,40.4,10.50310898737278,5.5,3.4,2.1,0.8,5.809205930295739,0.4096739711384286,0.14377338321753072,N03,Manufacturing
2022-10-01,28761.0,34.2,9.446086836886382,5.5,4.2,3.1,0.9,40.72181078543862,0.293681693989071,0.09941939890710383,N04,"Trade, Transportation, and Utilities"
2022-10-01,3100.0,36.7,15.966067911156449,6.5,3.4,1.0,1.6,26.54516129032258,0.21339166362863046,0.10438692429213756,N05,Information
2022-10-01,9122.0,37.6,14.103695550775653,6.6,2.4,1.6,0.6,46.86801140100855,0.2121020747082076,0.07155053446541763,N06,Financial Activities
2022-10-01,22783.0,36.7,13.167475931773415,7.2,5.1,2.8,1.8,38.272835008559014,0.2573368349828549,0.10709084028120233,N07,Professional and Business Services
2022-10-01,24642.0,33.4,10.83196032307966,8.1,3.3,2.3,0.5,12.730703676649622,0.6039654457938861,0.16760702559688884,N08,Private Education and Health Services
2022-10-01,16142.0,25.6,6.882388668722547,8.7,7.5,5.5,1.4,22.789617147813157,0.6998396172560959,0.2098839263870389,N09,Leisure and Hospitality
2022-10-01,5748.0,32.3,9.79842755371518,4.8,3.9,2.5,1.1,69.3910925539318,0.1825201825201825,0.10730582159153587,N10,Other Services
2022-11-01,624.0,46.3,12.22614178709846,6.0,3.6,1.8,0.9,7.564102564102564,0.19703389830508475,0.13559322033898305,N01,Mining and Logging
2022-11-01,7863.0,38.5,11.864679067961687,3.9,4.1,1.7,1.9,52.777565814574594,0.5520855924239139,0.1313043687799706,N02,Construction
2022-11-01,12896.0,40.3,10.499153240111653,5.9,3.3,2.1,0.9,5.691687344913151,0.39850136239782014,0.13923705722070845,N03,Manufacturing
2022-11-01,28763.0,34.2,9.451580730020817,5.2,4.4,3.2,0.9,38.544310398776204,0.2948180219185496,0.1002841293465025,N04,"Trade, Transportation, and Utilities"
2022-11-01,3115.0,36.9,15.834075224408107,6.7,3.5,1.5,1.3,25.425361155698237,0.21426767676767677,0.11148989898989899,N05,Information
2022-11-01,9136.0,37.4,14.093699169305122,5.8,2.9,1.4,1.1,45.01641856392294,0.20687139835144797,0.0691273372723515,N06,Financial Activities
2022-11-01,22792.0,36.6,13.1833486174051,8.5,5.0,3.2,1.5,37.71937521937522,0.2545771780853786,0.10488542514830755,N07,Professional and Business Services
2022-11-01,24729.0,33.4,10.860615959248426,7.7,3.4,2.5,0.5,12.73120627603219,0.5990852205952418,0.1697106374868977,N08,Private Education and Health Services
2022-11-01,16183.0,25.5,6.901260433889138,8.6,7.1,5.4,1.2,22.214051782734966,0.694928927091157,0.20732148321232857,N09,Leisure and Hospitality
2022-11-01,5762.0,32.2,9.849859096477077,5.0,3.6,2.0,1.0,70.42867060048594,0.17417017816219413,0.10238781695867524,N10,Other Services
2022-12-01,627.0,45.7,12.32130427798897,5.1,3.6,2.5,0.8,7.862838915470495,0.16024340770791076,0.11359026369168357,N01,Mining and Logging
2022-12-01,7885.0,38.7,11.929779943245702,4.8,4.7,2.0,2.1,51.65504121750159,0.5489810950159587,0.12850478762582862,N02,Construction
2022-12-01,12895.0,40.1,10.534347057878675,5.5,3.2,2.0,0.9,5.234587049243893,0.3973333333333333,0.14607407407407408,N03,Manufacturing
2022-12-01,28769.0,34.1,9.470203994217487,5.9,4.4,3.3,1.0,40.10393131495707,0.2822015167930661,0.09365113759479957,N04,"Trade, Transportation, and Utilities"
2022-12-01,3092.0,36.6,15.948760507576162,2.5,2.8,1.6,1.5,26.41332470892626,0.21366474837761723,0.10224072486837273,N05,Information
2022-12-01,9146.0,37.4,14.185227820313756,5.7,2.4,1.5,0.5,44.569210583861796,0.20744302431126266,0.06940117263204376,N06,Financial Activities
2022-12-01,22774.0,36.4,13.22816833538577,8.5,4.7,3.1,1.5,38.613770088697635,0.24452177077292214,0.10353767952785453,N07,Professional and Business Services
2022-12-01,24773.0,33.4,10.89910049793864,7.8,3.6,2.6,0.6,12.878133451741816,0.6000689590320659,0.16688085759959878,N08,Private Education and Health Services
2022-12-01,16245.0,25.4,6.95708625582267,9.6,7.0,5.2,1.3,22.384118190212373,0.6905095839177186,0.20188103291807608,N09,Leisure and Hospitality
2022-12-01,5771.0,32.3,9.821571986935803,5.4,4.3,2.8,0.8,71.68948189221972,0.17081601082857972,0.1027989944890264,N10,Other Services
2023-01-01,634.0,45.8,12.31276213301378,5.5,4.4,2.3,0.8,8.675078864353313,0.2927272727272727,0.15454545454545454,N01,Mining and Logging
2023-01-01,7932.0,39.6,11.850076559483389,3.7,4.8,2.1,1.9,53.140443772062525,0.5401769827524852,0.12417261749424688,N02,Construction
2023-01-01,12903.0,40.6,10.538579322282137,5.3,3.3,2.2,0.9,5.721925133689839,0.4010564811052418,0.13043478260869565,N03,Manufacturing
2023-01-01,28807.0,34.2,9.466746554823247,5.7,4.9,3.3,1.2,39.65806921928698,0.28461262396820813,0.09337114746636556,N04,"Trade, Transportation, and Utilities"
2023-01-01,3061.0,36.7,15.894414486385724,3.2,2.3,1.3,1.5,26.461940542306436,0.20592592592592593,0.09345679012345678,N05,Information
2023-01-01,9144.0,37.4,14.143532387990145,4.5,2.5,1.5,0.7,45.39479440069991,0.20670216097713748,0.06540750198752078,N06,Financial Activities
2023-01-01,22791.0,36.6,13.208175221356766,8.1,4.8,2.4,2.2,39.00443157386688,0.25209516845716856,0.09885820349850948,N07,Professional and Business Services
2023-01-01,24883.0,33.5,10.861460621796153,7.4,3.7,2.5,0.6,12.938954306152795,0.6058827183501057,0.1675673996769785,N08,Private Education and Health Services
2023-01-01,16352.0,25.8,6.923640237001531,8.5,7.2,4.9,1.4,23.079745596868886,0.6995495495495495,0.2014573396926338,N09,Leisure and Hospitality
2023-01-01,5785.0,32.3,9.836229279009387,6.2,3.5,2.1,1.1,72.6447709593777,0.16951814396192744,0.09858417608566329,N10,Other Services
2023-02-01,633.0,45.8,12.317133853043623,5.2,4.3,2.8,1.0,7.40916271721959,0.2068230277185501,0.15778251599147122,N01,Mining and Logging
2023-02-01,7943.0,39.0,11.902471388289932,4.4,4.4,1.9,2.1,54.92635024549919,0.5395846703951591,0.12459888145227835,N02,Construction
2023-02-01,12898.0,40.3,10.509205506717532,4.9,3.4,2.4,0.9,6.020313226856877,0.3929169349645847,0.12672247263361236,N03,Manufacturing
2023-02-01,28845.0,34.0,9.500746392436557,5.6,4.2,2.9,1.1,41.4269370774831,0.2827374974894557,0.09110765213898374,N04,"Trade, Transportation, and Utilities"
2023-02-01,3048.0,36.4,15.906452147951569,4.5,2.7,1.6,1.5,28.083989501312338,0.20829439252336449,0.10198598130841122,N05,Information
2023-02-01,9152.0,37.4,14.108475700779566,4.5,2.3,1.3,0.4,47.81359265734266,0.21197924998286066,0.06682053977467492,N06,Financial Activities
2023-02-01,22837.0,36.6,13.219439376347655,7.5,4.6,2.8,1.6,40.81578140736524,0.24739569364130842,0.10418298269517547,N07,Professional and Business Services
2023-02-01,24956.0,33.3,10.834300879084424,6.9,3.4,2.5,0.6,13.329059144093605,0.611441798941799,0.1642015392015392,N08,Private Education and Health Services
2023-02-01,16431.0,25.6,6.909935312655498,8.0,7.0,5.3,1.0,23.9480250745542,0.7106152634120309,0.19126280210424662,N09,Leisure and Hospitality
2023-02-01,5785.0,32.2,9.849062862829658,6.1,3.6,2.1,1.1,74.37510803802938,0.171803095802538,0.10068330776739645,N10,Other Services
2023-03-01,634.0,45.6,12.388137339681466,4.7,3.6,2.5,1.6,7.712933753943218,0.2310838445807771,0.1492842535787321,N01,Mining and Logging
2023-03-01,7926.0,38.8,11.927599471209756,3.7,5.1,1.8,4.4,55.38102447640676,0.5549151383984509,0.1287390363367126,N02,Construction
2023-03-01,12888.0,40.2,10.549299087869962,5.0,3.1,2.1,1.0,6.086281812538797,0.40578786333503314,0.13462519122896482,N03,Manufacturing
2023-03-01,28803.0,34.0,9.492381245837764,4.7,4.1,3.0,1.1,42.39905565392494,0.2889978873585431,0.09508524262622624,N04,"Trade, Transportation, and Utilities"
2023-03-01,3049.0,36.4,15.949851070667712,4.5,3.4,1.4,1.5,27.87143325680551,0.22993645563662038,0.11120263591433278,N05,Information
2023-03-01,9150.0,37.4,14.144145039609569,4.9,2.1,1.2,0.5,48.07103825136612,0.22484938047061498,0.07432079117881096,N06,Financial Activities
2023-03-01,22832.0,36.4,13.25620152341951,7.4,4.6,2.7,1.8,42.061142256482135,0.25729429160505657,0.10971114396984401,N07,Professional and Business Services
2023-03-01,25033.0,33.3,10.880621295403566,7.1,3.5,2.4,0.8,13.826149482682858,0.6162491693392275,0.16740342665626534,N08,Private Education and Health Services
2023-03-01,16450.0,25.5,6.914694471226322,8.1,6.6,4.7,1.6,23.001823708206686,0.7065912574660395,0.21063481156509328,N09,Leisure and Hospitality
2023-03-01,5789.0,32.2,9.919786893556113,5.9,4.1,2.3,1.2,72.433926412161,0.18947343317752552,0.11323094534007441,N10,Other Services
2023-04-01,637.0,45.5,12.445310307252884,5.2,3.8,1.7,1.1,7.315541601255887,0.22317596566523606,0.13733905579399142,N01,Mining and Logging
2023-04-01,7955.0,38.9,11.930195314434776,4.6,4.8,1.9,2.5,55.53865493400377,0.5463208166406374,0.12634390348792468,N02,Construction
2023-04-01,12884.0,40.1,10.573065429510144,4.8,2.9,1.9,0.9,5.774604160198696,0.3997311827956989,0.1388440860215054,N03,Manufacturing
2023-04-01,28799.0,33.9,9.516419290396076,5.6,4.2,2.8,1.2,40.50071183027188,0.28529295769817725,0.09136816474905263,N04,"Trade, Transportation, and Utilities"
2023-04-01,3043.0,36.5,15.869504201819412,4.6,2.6,1.3,1.0,28.583634571146895,0.21039319383766383,0.09829845941595769,N05,Information
2023-04-01,9180.0,37.5,14.109527976357542,5.0,2.3,1.6,0.4,46.266884531590414,0.21418312810491372,0.07044475313728722,N06,Financial Activities
2023-04-01,22837.0,36.5,13.293929237728868,7.3,5.1,2.6,1.8,41.48224372728467,0.24799172410881107,0.10323752018831875,N07,Professional and Business Services
2023-04-01,25113.0,33.3,10.873549175320708,7.0,3.1,2.1,0.6,13.254489706526499,0.6064111037673496,0.16670672354743737,N08,Private Education and Health Services
2023-04-01,16487.0,25.4,6.93093826875134,7.7,6.3,4.8,1.2,23.20616243100625,0.7082854155776268,0.20117616309461578,N09,Leisure and Hospitality
2023-04-01,5798.0,32.2,9.925869669302777,6.7,3.6,2.1,1.0,74.10141428078647,0.17540266269434876,0.10420351922539801,N10,Other Services
2023-05-01,642.0,45.6,12.530741690677601,4.8,4.5,2.3,1.0,7.383177570093458,0.20253164556962025,0.1350210970464135,N01,Mining and Logging
2023-05-01,7965.0,38.9,11.96041327381698,4.6,4.6,2.5,1.8,57.04456999372254,0.5149440971916542,0.11310414649176864,N02,Construction
2023-05-01,12869.0,40.1,10.595581108612947,4.1,3.4,2.2,1.1,5.590177947004429,0.36989157631359465,0.1306644425910481,N03,Manufacturing
2023-05-01,28830.0,33.9,9.517561499864835,5.1,4.6,3.0,1.3,41.15435310440513,0.2705650327017733,0.08504989548917807,N04,"Trade, Transportation, and Utilities"
2023-05-01,3034.0,36.2,15.932932015534032,5.2,2.1,1.0,1.3,27.198417930125245,0.19049927290353855,0.08422200678623364,N05,Information
2023-05-01,9175.0,37.4,14.149419451825382,4.2,2.2,1.5,0.5,46.13514986376022,0.2044461244064353,0.06378605684046398,N06,Financial Activities
2023-05-01,22850.0,36.5,13.285685086406401,6.7,4.5,2.8,1.2,41.21050328227571,0.23822823524414333,0.09677590637809826,N07,Professional and Business Services
2023-05-01,25221.0,33.3,10.875800272966433,6.9,3.8,2.6,0.6,13.50541215653622,0.5923022723269332,0.15533439022958134,N08,Private Education and Health Services
2023-05-01,16533.0,25.4,6.949435275966426,7.3,6.5,4.8,1.4,23.00429444142019,0.7039676070780638,0.19391055136328977,N09,Leisure and Hospitality
2023-05-01,5814.0,32.3,9.942835290471889,5.9,3.7,2.8,0.6,75.49019607843137,0.16755525176577807,0.10027341079972658,N10,Other Services
2023-06-01,640.0,45.5,12.486267079805536,4.3,4.1,2.6,1.3,7.796875,0.19238476953907815,0.12224448897795591,N01,Mining and Logging
2023-06-01,8006.0,39.0,11.956686205240548,5.0,4.7,2.2,1.6,62.54059455408444,0.5290193728779709,0.11228280407429599,N02,Construction
2023-06-01,12875.0,40.1,10.65082529094055,4.3,3.1,2.0,0.9,6.243106796116504,0.3869121672057726,0.13038069171435682,N03,Manufacturing
2023-06-01,28799.0,33.9,9.562059641990171,4.6,3.9,2.6,1.1,42.66918990242716,0.2751885940284661,0.0870665592474142,N04,"Trade, Transportation, and Utilities"
2023-06-01,3021.0,36.4,15.907162170163216,4.9,2.4,1.4,1.0,28.755379013571666,0.19638540347645908,0.09013468401059054,N05,Information
2023-06-01,9182.0,37.4,14.229607847007046,4.6,2.0,1.3,0.3,47.79241995208015,0.2060251122302486,0.06829523961442928,N06,Financial Activities
2023-06-01,22826.0,36.5,13.325044241383619,6.3,4.6,2.6,1.8,42.05774117234732,0.23703919750835928,0.09225945563067052,N07,Professional and Business Services
2023-06-01,25314.0,33.3,10.887656489503774,7.1,3.8,2.4,0.8,13.620526191040533,0.597262101569071,0.15507990370950434,N08,Private Education and Health Services
2023-06-01,16594.0,25.4,6.983231035412843,6.8,6.7,4.9,1.5,24.024346149210558,0.7143932172778809,0.19675914312948378,N09,Leisure and Hospitality
2023-06-01,5831.0,32.3,9.983092883880348,6.2,4.2,2.3,1.6,79.9948550848911,0.16509808125200987,0.09694501018329939,N10,Other Services
2023-07-01,642.0,44.1,12.543949784806097,4.1,4.1,2.3,1.1,7.180685358255452,0.2017353579175705,0.13449023861171366,N01,Mining and Logging
2023-07-01,8016.0,39.0,12.054798118243387,4.5,4.7,2.1,2.0,65.94186626746507,0.5262490777351067,0.10762594827749296,N02,Construction
2023-07-01,12862.0,40.0,10.689112928377035,3.8,3.1,1.9,1.0,6.817757735966413,0.3602463222716387,0.11540654578629263,N03,Manufacturing
2023-07-01,28816.0,33.9,9.566362123246524,4.7,3.9,2.7,1.0,43.378678511937814,0.264512,0.084328,N04,"Trade, Transportation, and Utilities"
2023-07-01,3001.0,36.4,15.912202200197632,4.7,2.5,1.9,1.6,30.649783405531487,0.18764948901935202,0.08567079799956512,N05,Information
2023-07-01,9193.0,37.4,14.310148419777487,4.6,2.0,1.2,0.5,48.743609267921244,0.19883954474447668,0.06297701405936175,N06,Financial Activities
2023-07-01,22779.0,36.5,13.377805645926419,5.2,4.5,2.6,1.9,43.821502260854295,0.22926037607317098,0.08909948808366977,N07,Professional and Business Services
2023-07-01,25435.0,33.3,10.9090670334757,7.1,3.5,2.0,0.7,13.714173383133478,0.5845135026661316,0.15314488848116506,N08,Private Education and Health Services
2023-07-01,16616.0,25.3,6.986005009700961,6.8,6.1,4.5,1.4,24.336783822821374,0.7179138434146101,0.18665611553489292,N09,Leisure and Hospitality
2023-07-01,5846.0,32.2,10.002987436352832,5.0,3.5,2.1,0.9,78.69483407458091,0.16109118574068035,0.09325073361591131,N10,Other Services
2023-08-01,641.0,45.1,12.51298671597807,3.9,4.0,2.6,1.1,6.8798751950078,0.21768707482993196,0.1473922902494331,N01,Mining and Logging
2023-08-01,8042.0,39.1,12.02292196208859,4.8,4.5,2.1,2.0,59.55732404874409,0.5228202772674128,0.11230582929680975,N02,Construction
2023-08-01,12861.0,40.0,10.650740651198046,4.3,3.0,1.8,1.0,6.397636264676153,0.3604764219737482,0.12542537676227516,N03,Manufacturing
2023-08-01,28799.0,34.0,9.546461405767081,4.1,4.0,2.7,1.1,43.2258064516129,0.2666002602702312,0.08761627813569398,N04,"Trade, Transportation, and Utilities"
2023-08-01,2981.0,36.7,15.802954763756116,4.9,2.1,0.8,0.9,29.04059040590406,0.20168649647683956,0.0950675753725309,N05,Information
2023-08-01,9193.0,37.3,14.342561797165466,6.1,2.3,1.5,0.6,47.875557489394104,0.20503499045714804,0.06750431700445333,N06,Financial Activities
2023-08-01,22768.0,36.4,13.300357420560506,6.4,4.5,2.6,1.7,43.20449754040759,0.23991541964866622,0.10097796031229668,N07,Professional and Business Services
2023-08-01,25544.0,33.4,10.876170437987206,7.5,3.7,2.2,0.8,13.709677419354838,0.5903198172472872,0.16236436322101655,N08,Private Education and Health Services
2023-08-01,16651.0,25.4,6.958919505230625,6.6,6.5,4.8,1.4,23.42802234100054,0.7127659574468085,0.19887208408100487,N09,Leisure and Hospitality
2023-08-01,5874.0,32.2,9.990786782626877,6.2,3.6,1.9,1.2,78.58869594824651,0.16437406581028097,0.09607261226523406,N10,Other Services
2023-09-01,641.0,44.9,12.63359325166951,4.0,3.5,2.2,1.2,7.082683307332294,0.2422907488986784,0.16740088105726872,N01,Mining and Logging
2023-09-01,8053.0,39.0,11.998984626199247,5.0,3.8,1.8,1.7,55.823916552837446,0.5445890334779223,0.12474696919141363,N02,Construction
2023-09-01,12872.0,40.1,10.66467931110793,4.5,2.9,1.8,1.0,5.98663766314481,0.4053983908642616,0.13262392940565793,N03,Manufacturing
2023-09-01,28832.0,33.9,9.551673414129318,4.4,4.1,2.7,0.9,49.070824084350726,0.3174984626911034,0.15749817996762816,N04,"Trade, Transportation, and Utilities"
2023-09-01,2975.0,36.5,15.813145185435895,3.1,2.4,1.5,0.6,27.650420168067228,0.21176756625334306,0.10551908582543156,N05,Information
2023-09-01,9186.0,37.5,14.358426951665601,6.6,2.0,1.3,0.6,44.96407576747224,0.21516075924849892,0.0683711020724385,N06,Financial Activities
2023-09-01,22743.0,36.5,13.27145628034731,6.2,4.4,2.6,1.6,40.96689091148925,0.2535874896695324,0.10700754526623091,N07,Professional and Business Services
2023-09-01,25641.0,33.3,10.882724326013095,7.1,3.4,2.1,0.6,13.248313248313249,0.617309390638799,0.17491904621725052,N08,Private Education and Health Services
2023-09-01,16643.0,25.6,6.951405251305015,7.4,7.1,5.2,1.5,22.464099020609268,0.7143927033460828,0.22031722256399283,N09,Leisure and Hospitality
2023-09-01,5883.0,32.2,9.98776344393965,5.2,3.7,2.2,0.9,75.22862485126636,0.17904512280543192,0.10922565921775086,N10,Other Services
2023-10-01,639.0,44.6,12.580599032811604,3.5,3.3,2.3,1.0,8.059467918622849,0.2174757281553398,0.17281553398058253,N01,Mining and Logging
2023-10-01,8080.0,39.1,12.031355623732514,4.9,4.8,2.2,2.1,54.25,0.5464023360861432,0.1227585892229776,N02,Construction
2023-10-01,12837.0,40.1,10.679371847537828,4.2,2.9,1.7,1.0,6.0364571161486325,0.3877919731578268,0.13240418118466898,N03,Manufacturing
2023-10-01,28865.0,33.9,9.52563569237169,4.4,3.9,2.6,0.9,48.4126104278538,0.33035644003635245,0.15412578805378443,N04,"Trade, Transportation, and Utilities"
2023-10-01,2951.0,36.4,15.820810150278195,3.3,1.6,1.4,0.6,27.926126736699427,0.21757068316951828,0.11272903773813858,N05,Information
2023-10-01,9179.0,37.4,14.374577505069938,4.3,2.2,1.4,0.8,43.526527944220504,0.2139513928866418,0.06785472930693565,N06,Financial Activities
2023-10-01,22715.0,36.4,13.292340491914095,6.1,4.7,2.8,1.7,40.28659476117103,0.2498388171913759,0.10369245227349717,N07,Professional and Business Services
2023-10-01,25735.0,33.2,10.890619312568248,6.7,3.5,2.2,0.7,13.043326209442395,0.6159621056394673,0.17219292757768045,N08,Private Education and Health Services
2023-10-01,16689.0,25.5,6.977666268004783,6.4,6.4,4.4,1.4,21.445263347114864,0.7123218776194468,0.20841017043867002,N09,Leisure and Hospitality
2023-10-01,5893.0,32.2,10.009879881441423,5.0,3.4,1.8,1.1,71.87001527235704,0.17403725828158573,0.1026609685264326,N10,Other Services
2023-11-01,636.0,45.1,12.555655074834169,4.5,2.9,2.2,1.0,9.968553459119496,0.1750788643533123,0.12460567823343849,N01,Mining and Logging
2023-11-01,8088.0,39.3,12.072121188519802,5.2,4.6,2.1,2.3,53.710435212660734,0.5383163371008954,0.1205082755921825,N02,Construction
2023-11-01,12859.0,39.9,10.725365733348909,4.0,2.8,1.8,0.8,5.99035694844078,0.3828378553810204,0.13579125016227445,N03,Manufacturing
2023-11-01,28837.0,34.1,9.527889196100574,4.4,3.8,2.5,1.1,46.73371016402538,0.2772583589332621,0.11231319472270454,N04,"Trade, Transportation, and Utilities"
2023-11-01,2962.0,36.4,15.875488401677115,4.8,2.4,1.5,0.9,27.923700202565836,0.2155724821666062,0.1048240841494378,N05,Information
2023-11-01,9172.0,37.4,14.415151161130366,4.1,2.2,1.4,0.7,43.50850414304404,0.21515561569688768,0.0698391219365509,N06,Financial Activities
2023-11-01,22661.0,36.5,13.315030439918479,5.5,3.9,2.7,1.4,40.94082344115441,0.24661550400965768,0.10335647150125032,N07,Professional and Business Services
2023-11-01,25853.0,33.2,10.874644651271465,6.8,3.5,2.3,0.7,13.039492515375393,0.6008127910770965,0.16374477173622853,N08,Private Education and Health Services
2023-11-01,16694.0,25.6,6.99014759141711,6.5,6.0,4.4,1.3,22.986102791422066,0.7267349438407213,0.19365178641232117,N09,Leisure and Hospitality
2023-11-01,5905.0,32.2,10.030894245622232,5.2,3.6,2.0,1.0,70.97544453852667,0.17372527498747345,0.10245520269141753,N10,Other Services
2023-12-01,638.0,45.6,12.602796518764919,4.8,2.7,1.7,0.8,21.504702194357364,0.08236151603498543,0.056851311953352766,N01,Mining and Logging
2023-12-01,8100.0,39.1,12.071606945627567,4.8,4.4,1.9,2.1,56.58024691358024,0.5288457342352171,0.11909229762164521,N02,Construction
2023-12-01,12872.0,39.8,10.763066777655057,4.4,2.8,1.8,0.8,8.127719080174021,0.5051615369910151,0.09797361881093482,N03,Manufacturing
2023-12-01,28829.0,33.9,9.577607120531448,4.2,3.7,2.5,1.1,44.35915224253356,0.255006529405785,0.08255202020596952,N04,"Trade, Transportation, and Utilities"
2023-12-01,2963.0,36.4,15.903297586002507,4.5,2.6,1.1,0.9,27.644279446506918,0.21377121230618973,0.10963252350140398,N05,Information
2023-12-01,9176.0,37.4,14.419853534192093,4.7,2.2,1.4,0.5,43.29664341761116,0.20909159555991844,0.06909310579173904,N06,Financial Activities
2023-12-01,22643.0,36.5,13.338040623046501,5.7,4.7,2.4,2.0,41.10409398047962,0.24325253567130822,0.10502621626267836,N07,Professional and Business Services
2023-12-01,25935.0,33.3,10.869952484444893,7.2,3.2,2.0,0.7,13.026797763639868,0.599260026639041,0.1663756104780228,N08,Private Education and Health Services
2023-12-01,16704.0,25.8,6.989677431892752,5.4,6.0,4.4,1.4,23.21599616858237,0.7308922124806602,0.19767921609076844,N09,Leisure and Hospitality
2023-12-01,5906.0,32.3,10.060212281491607,4.5,3.4,2.1,1.0,69.60717913985778,0.17591826806129895,0.1024081731938701,N10,Other Services
2024-01-01,633.0,44.6,12.641347377122228,3.9,3.3,2.4,1.4,7.930489731437599,0.19721115537848605,0.12151394422310757,N01,Mining and Logging
2024-01-01,8123.0,38.7,12.11179923667573,4.8,4.5,1.7,2.2,55.268989289671296,0.5282548167947433,0.11749638044325648,N02,Construction
2024-01-01,12875.0,39.9,10.762097268952335,4.1,2.9,1.7,1.0,7.065631067961165,0.4391557656370232,0.11740134110146203,N03,Manufacturing
2024-01-01,28799.0,33.7,9.58998766540307,3.4,3.4,2.3,1.0,42.99177054758846,0.2612751591122024,0.08437792782605887,N04,"Trade, Transportation, and Utilities"
2024-01-01,2963.0,36.4,15.854154692636053,5.1,2.5,1.8,0.6,28.295646304421194,0.2121898854961832,0.10424618320610687,N05,Information
2024-01-01,9165.0,37.3,14.462476347926046,5.0,2.2,1.2,0.8,43.07692307692307,0.21185410334346505,0.06722391084093211,N06,Financial Activities
2024-01-01,22668.0,36.3,13.371090546274111,6.0,4.7,2.2,2.2,41.50255867301923,0.24126788409617553,0.09871595909776994,N07,Professional and Business Services
2024-01-01,26033.0,33.2,10.888026399912173,7.1,3.3,2.0,0.6,12.8575269849806,0.6078513384321224,0.16327079349904397,N08,Private Education and Health Services
2024-01-01,16716.0,25.3,6.99713914846076,6.2,6.2,4.6,1.2,23.196937066283798,0.7332112646998143,0.18970497214772025,N09,Leisure and Hospitality
2024-01-01,5917.0,32.1,10.058185716407596,4.9,3.8,2.8,0.7,68.67838431637654,0.17400398651475257,0.10047493663410192,N10,Other Services
2024-02-01,633.0,45.1,12.673370486257385,4.4,3.3,2.1,0.8,7.693522906793049,0.23819301848049282,0.13963039014373715,N01,Mining and Logging
2024-02-01,8132.0,39.0,12.07202050378336,4.6,4.6,1.7,2.5,55.17953762911952,0.526430736316634,0.11260919950080228,N02,Construction
2024-02-01,12852.0,40.0,10.743905301848748,4.1,2.5,1.7,0.9,6.643323996265172,0.4193019442492387,0.11899742328414148,N03,Manufacturing
2024-02-01,28839.0,33.8,9.570147314666832,3.5,3.8,2.5,1.0,40.303755331322165,0.2610726822217634,0.08425390598114117,N04,"Trade, Transportation, and Utilities"
2024-02-01,2958.0,36.6,15.80231986030672,4.2,2.8,1.6,0.9,27.60649087221095,0.2014450159196669,0.09368111682586333,N05,Information
2024-02-01,9151.0,37.4,14.458125781835374,6.4,2.1,1.4,0.5,43.38432958146651,0.20344575703382786,0.0635500365230095,N06,Financial Activities
2024-02-01,22658.0,36.5,13.335820199571016,5.9,4.6,2.7,1.7,41.44055079883485,0.23105350600664565,0.09692638664053847,N07,Professional and Business Services
2024-02-01,26130.0,33.3,10.85967321291327,6.9,3.3,2.2,0.6,13.130884041331804,0.6003905453061701,0.1587246072688059,N08,Private Education and Health Services
2024-02-01,16744.0,25.7,6.994311293481302,6.2,6.0,4.3,1.8,22.377568084089823,0.7311644292615228,0.19779017320985348,N09,Leisure and Hospitality
2024-02-01,5930.0,32.3,10.036434734232252,5.0,3.7,2.4,0.7,69.63575042158516,0.16673124424855912,0.09514699472078268,N10,Other Services
2024-03-01,636.0,45.2,12.582240791432547,4.9,3.1,1.7,1.2,7.720125786163522,0.20977596741344195,0.1425661914460285,N01,Mining and Logging
2024-03-01,8164.0,39.3,12.092397829323344,4.0,4.3,1.8,2.4,52.48530132288094,0.5373287591309015,0.11598870452052557,N02,Construction
2024-03-01,12836.0,40.0,10.747730874513758,3.9,2.5,1.4,1.0,6.018229978186351,0.4054368932038835,0.12699029126213593,N03,Manufacturing
2024-03-01,28855.0,33.9,9.53432902719749,3.4,3.5,2.3,0.9,41.560214867440656,0.2545237737862944,0.08104434549123597,N04,"Trade, Transportation, and Utilities"
2024-03-01,2951.0,36.6,15.806239894987911,4.7,2.7,1.4,1.2,27.231446967129784,0.20868591338974615,0.09668989547038327,N05,Information
2024-03-01,9149.0,37.5,14.429557060301908,4.8,2.0,1.2,0.6,42.52377308995519,0.20930471661740135,0.0658013108854903,N06,Financial Activities
2024-03-01,22631.0,36.5,13.344218732491314,5.5,4.7,3.0,1.6,40.63762096239671,0.24489218958974415,0.09806778518381594,N07,Professional and Business Services
2024-03-01,26225.0,33.2,10.862988042068865,6.7,3.3,2.1,0.7,12.915919923736892,0.6204534718941899,0.1678082191780822,N08,Private Education and Health Services
2024-03-01,16780.0,25.6,6.976260225071634,6.7,6.1,4.0,1.8,20.16388557806913,0.7174523422491503,0.21566425299246342,N09,Leisure and Hospitality
2024-03-01,5943.0,32.2,10.056187869183114,4.6,2.8,1.3,0.8,66.18206293117953,0.17019220990542053,0.09841859046069358,N10,Other Services
2024-04-01,628.0,44.3,12.68596876267878,2.8,2.2,2.1,0.9,7.197452229299363,0.2323008849557522,0.1504424778761062,N01,Mining and Logging
2024-04-01,8170.0,38.6,12.136488373058848,3.9,4.1,2.3,1.6,50.8359853121175,0.538920858112826,0.1169672308766523,N02,Construction
2024-04-01,12833.0,40.1,10.737230171584834,3.7,2.9,1.7,1.0,5.956518351126004,0.39521193092621665,0.13069073783359497,N03,Manufacturing
2024-04-01,28880.0,33.8,9.526456522364171,3.3,3.9,2.5,1.0,44.53047091412742,0.2342151099499238,0.07732263382165407,N04,"Trade, Transportation, and Utilities"
2024-04-01,2940.0,36.3,15.791171894717001,2.9,2.4,1.5,1.0,26.357142857142858,0.20841398890179377,0.09691573106207252,N05,Information
2024-04-01,9144.0,37.5,14.459001415231468,4.6,2.1,1.2,0.8,43.003062117235345,0.20499974568943594,0.06373022735364427,N06,Financial Activities
2024-04-01,22616.0,36.4,13.366429942847649,5.2,4.4,2.3,1.4,38.82295719844358,0.24621307031730486,0.09989521878772693,N07,Professional and Business Services
2024-04-01,26313.0,33.1,10.874600268989818,6.1,3.4,2.2,0.7,12.43529814160301,0.6176767213715962,0.16686531585220502,N08,Private Education and Health Services
2024-04-01,16762.0,25.5,6.9803177402299506,5.9,5.7,4.1,1.6,19.94034124806109,0.7172391096218286,0.2114947343226424,N09,Leisure and Hospitality
2024-04-01,5947.0,32.2,10.072742258556081,4.8,3.4,2.4,0.5,65.99630065579284,0.16181716265796983,0.09452710966163881,N10,Other Services
2024-05-01,624.0,44.4,12.654266783747106,3.9,3.0,2.2,1.1,7.532051282051282,0.24680851063829787,0.1851063829787234,N01,Mining and Logging
2024-05-01,8176.0,39.0,12.146563423006306,4.5,4.7,2.3,2.0,51.9190313111546,0.5228391717119367,0.11312398407500765,N02,Construction
2024-05-01,12825.0,40.1,10.789494691466432,4.0,2.7,1.7,0.9,5.91812865497076,0.3939393939393939,0.1313570487483531,N03,Manufacturing
2024-05-01,28880.0,33.8,9.553763870040713,3.4,3.7,2.4,1.1,42.386080332409975,0.25054120953182313,0.09065361773043272,N04,"Trade, Transportation, and Utilities"
2024-05-01,2930.0,36.7,15.79628003512413,3.9,2.7,1.7,1.3,27.09556313993174,0.20770877944325483,0.09686358483436201,N05,Information
2024-05-01,9147.0,37.6,14.51584577313004,4.5,2.2,1.3,0.7,43.080791516344156,0.20613612140283205,0.06321372379840634,N06,Financial Activities
2024-05-01,22633.0,36.4,13.407839067613954,5.5,4.5,2.2,1.7,38.71426677859762,0.2445276300472484,0.10282805688069206,N07,Professional and Business Services
2024-05-01,26383.0,33.1,10.907639498682844,6.5,3.3,2.2,0.7,12.559981806466284,0.6134532395811328,0.16676222953194314,N08,Private Education and Health Services
2024-05-01,16731.0,25.5,6.999281551848009,4.7,5.4,3.8,1.8,20.088458549997014,0.7156203510859863,0.21068134483784587,N09,Leisure and Hospitality
2024-05-01,5949.0,32.2,10.115749980043107,4.2,3.7,2.4,1.3,67.76264918473693,0.16578190117086725,0.09681980551696766,N10,Other Services
2024-06-01,620.0,44.6,12.713867699109391,2.4,2.8,1.8,1.1,7.0,0.1774193548387097,0.12672811059907835,N01,Mining and Logging
2024-06-01,8196.0,39.3,12.17081304864492,3.4,3.9,1.6,1.7,53.94826744753538,0.5149719558530849,0.11009589288945178,N02,Construction
2024-06-01,12814.0,40.1,10.857898570169052,3.5,2.6,1.6,0.9,6.013734977368504,0.3964443290942123,0.13534907864002077,N03,Manufacturing
2024-06-01,28851.0,33.8,9.570539604656215,3.5,3.8,2.5,1.2,42.349311982253646,0.246443829696682,0.08103484965052135,N04,"Trade, Transportation, and Utilities"
2024-06-01,2930.0,36.7,15.879556867405222,3.6,2.4,1.1,1.2,27.866894197952217,0.21506429883649725,0.10226576852418862,N05,Information
2024-06-01,9159.0,37.5,14.560253510688593,4.4,2.5,1.6,0.5,44.33562616006114,0.20164011131085774,0.06230452877582683,N06,Financial Activities
2024-06-01,22606.0,36.4,13.47733864888003,4.6,4.1,2.6,1.5,40.19994691674776,0.24205510805933358,0.1014129143008055,N07,Professional and Business Services
2024-06-01,26474.0,33.0,10.963315061141564,6.4,3.1,2.0,0.6,12.89189393367077,0.6169352475827717,0.16445941986522122,N08,Private Education and Health Services
2024-06-01,16744.0,25.5,7.021377186593579,5.1,4.7,3.6,1.1,20.307572861920686,0.7140546422374496,0.2113048848631003,N09,Leisure and Hospitality
2024-06-01,5962.0,32.2,10.132760889842963,4.6,3.5,2.5,0.9,67.82455551828247,0.1687316071914336,0.09738605732373816,N10,Other Services
2024-07-01,622.0,44.2,12.638366675277213,3.7,3.0,1.6,0.9,6.80064308681672,0.18439716312056736,0.14420803782505912,N01,Mining and Logging
2024-07-01,8208.0,38.8,12.21102851366047,2.9,4.2,1.7,2.0,52.998294346978554,0.5127238454288408,0.11061814670927105,N02,Construction
2024-07-01,12806.0,39.9,10.8684213044019,3.6,2.7,1.7,0.8,6.050288927065438,0.37777490965410426,0.12751677852348994,N03,Manufacturing
2024-07-01,28830.0,33.9,9.554515911968338,3.2,3.8,2.5,1.4,39.12729795352064,0.26218928406794084,0.08224885642353108,N04,"Trade, Transportation, and Utilities"
2024-07-01,2917.0,36.8,15.942264700911124,3.5,2.5,1.8,1.5,28.347617415152552,0.20268472608537913,0.09662595235215866,N05,Information
2024-07-01,9154.0,37.4,14.539064767244211,4.0,2.2,1.2,0.7,43.88573301289054,0.1973215841485575,0.062081497523212105,N06,Financial Activities
2024-07-01,22584.0,36.4,13.467530272444023,5.5,4.0,2.2,1.6,40.0872298972724,0.23499718334750863,0.098582837197486,N07,Professional and Business Services
2024-07-01,26515.0,33.0,10.973661299426919,6.0,3.4,2.3,0.7,12.999434282481614,0.5961181385633051,0.1633979343158872,N08,Private Education and Health Services
2024-07-01,16751.0,25.4,7.038323303642898,5.4,5.5,4.0,1.4,20.468628738582773,0.7151981800682474,0.20984629743051303,N09,Leisure and Hospitality
2024-07-01,5961.0,32.2,10.18595588211845,5.2,3.8,2.5,1.2,67.2001342056702,0.1647111688052324,0.09685955364721155,N10,Other Services
2024-08-01,620.0,44.4,12.637632059911736,3.6,2.9,1.4,1.0,8.483870967741936,0.20342205323193915,0.12357414448669202,N01,Mining and Logging
2024-08-01,8236.0,38.9,12.207780629302494,4.0,4.1,1.5,2.0,54.275133559980574,0.5123375315988457,0.1106462942663475,N02,Construction
2024-08-01,12772.0,40.1,10.89275366010533,3.5,2.4,1.7,0.8,6.920607579079236,0.35445186107025684,0.12648489648150243,N03,Manufacturing
2024-08-01,28802.0,33.9,9.574542606236985,3.6,3.3,2.1,1.1,38.5570446496771,0.27664517523322407,0.08635594136080395,N04,"Trade, Transportation, and Utilities"
2024-08-01,2909.0,36.8,16.060523081429782,3.5,2.7,1.5,1.5,30.336885527672738,0.19830028328611898,0.09507082152974504,N05,Information
2024-08-01,9162.0,37.5,14.614948640714253,3.9,2.2,1.0,0.9,45.05239030779306,0.20539283378152481,0.06485451946604646,N06,Financial Activities
2024-08-01,22544.0,36.4,13.510071259814941,5.5,4.4,2.4,1.9,41.761000709723206,0.23106664117434622,0.0974337730758609,N07,Professional and Business Services
2024-08-01,26573.0,33.1,10.988276200240715,5.9,3.0,1.9,0.7,13.195348662175892,0.605407255304586,0.1607061373488478,N08,Private Education and Health Services
2024-08-01,16746.0,25.4,7.049563461991582,5.3,5.6,4.2,1.2,21.203869580795413,0.7166272389320717,0.2011659344373099,N09,Leisure and Hospitality
2024-08-01,5957.0,32.2,10.20180728645936,4.5,3.8,3.2,1.0,68.11985898942422,0.16767293427634983,0.09842529387121418,N10,Other Services
2024-09-01,622.0,44.3,12.648856805154862,3.4,3.4,1.8,0.8,6.832797427652732,0.2023529411764706,0.13411764705882354,N01,Mining and Logging
2024-09-01,8254.0,39.1,12.248516197908058,2.9,4.0,1.7,2.0,52.22679912769566,0.5341235965482045,0.11554699823698618,N02,Construction
2024-09-01,12758.0,40.1,10.894983668645068,3.5,2.7,1.5,1.2,6.118513873647907,0.3703561363054061,0.13464002049705354,N03,Manufacturing
2024-09-01,28813.0,33.8,9.566869590635841,3.2,3.6,2.2,1.1,37.899212161177246,0.2756801802214306,0.0870520792314948,N04,"Trade, Transportation, and Utilities"
2024-09-01,2903.0,36.8,16.06763849878627,3.8,2.7,1.3,1.0,29.624526352049607,0.2052325581395349,0.09755813953488372,N05,Information
2024-09-01,9162.0,37.7,14.606077551694774,3.8,2.2,1.4,0.6,44.278541803099756,0.20461940445671464,0.06337507394991126,N06,Financial Activities
2024-09-01,22525.0,36.3,13.567098356697127,5.2,4.4,2.3,2.2,41.25149833518313,0.2326219610628612,0.09628816496087991,N07,Professional and Business Services
2024-09-01,26691.0,33.0,11.01254400569373,5.2,3.3,1.9,0.7,12.690794649881983,0.6225902636318011,0.1710211673013905,N08,Private Education and Health Services
2024-09-01,16776.0,25.5,7.047265610106375,5.0,5.7,3.7,1.4,20.564496900333808,0.716165685961912,0.21235398127481955,N09,Leisure and Hospitality
2024-09-01,5959.0,32.1,10.19597625916653,4.9,4.2,2.5,1.2,68.1339150864239,0.16790226841703407,0.09898770966232359,N10,Other Services
2024-10-01,622.0,44.6,12.63500733451404,3.8,2.9,1.8,1.2,6.977491961414791,0.1728110599078341,0.1152073732718894,N01,Mining and Logging
2024-10-01,8262.0,39.0,12.257984798704816,2.8,4.0,1.7,1.9,51.68603243766643,0.5283235369880336,0.11652577102311314,N02,Construction
2024-10-01,12697.0,39.9,10.895634459226123,3.3,2.5,1.6,0.8,5.991179018665827,0.3771526225844617,0.12790850532404363,N03,Manufacturing
2024-10-01,28794.0,33.9,9.574471455592132,3.2,3.5,2.2,1.3,39.30124331457942,0.2528631013396487,0.07792230744759818,N04,"Trade, Transportation, and Utilities"
2024-10-01,2887.0,37.3,16.218305553003347,5.8,2.3,1.4,1.4,28.971250432975406,0.19476327116212339,0.09433285509325681,N05,Information
2024-10-01,9164.0,37.5,14.596158172042673,4.5,2.0,1.2,0.6,43.595591444783935,0.2073790393231709,0.06009862081049285,N06,Financial Activities
2024-10-01,22486.0,36.3,13.594989085356001,5.3,4.2,2.4,1.8,40.15654184826114,0.23636705944892353,0.09786701515017276,N07,Professional and Business Services
2024-10-01,26786.0,33.0,11.000186927139604,5.7,3.2,2.0,0.7,12.580079145822445,0.6145354185832567,0.1677003887586432,N08,Private Education and Health Services
2024-10-01,16799.0,25.5,7.049370942651388,5.7,5.4,4.0,1.2,20.445264599083277,0.7122226751295638,0.208699703022186,N09,Leisure and Hospitality
2024-10-01,5962.0,32.1,10.208122776279897,4.9,4.2,2.8,1.0,67.90171083529017,0.16718128597188944,0.09727539955042858,N10,Other Services
2024-11-01,624.0,44.2,12.624475559824091,3.4,3.4,1.7,1.2,6.8910256410256405,0.17209302325581396,0.12558139534883722,N01,Mining and Logging
2024-11-01,8267.0,38.8,12.248521457817318,2.7,3.9,1.8,1.8,53.304705455425186,0.5136950552567681,0.11121701046134295,N02,Construction
2024-11-01,12711.0,40.1,10.902668958196431,3.2,2.4,1.5,1.0,6.319723074502399,0.3617577492842027,0.12423752022905515,N03,Manufacturing
2024-11-01,28755.0,33.8,9.588409240256786,3.2,3.6,2.3,1.3,43.38723700226048,0.2358368066688041,0.07309233728759218,N04,"Trade, Transportation, and Utilities"
2024-11-01,2885.0,36.9,16.203937724308748,4.0,2.5,1.2,1.5,29.663778162911612,0.19852769338630522,0.0927786866090208,N05,Information
2024-11-01,9173.0,37.6,14.592705858565433,4.6,2.0,1.2,0.7,45.42461572004797,0.19739368340213112,0.06009407698953634,N06,Financial Activities
2024-11-01,22499.0,36.5,13.625966739119447,6.3,4.0,2.2,1.8,40.600915596248726,0.22860927442308535,0.09584227350352498,N07,Professional and Business Services
2024-11-01,26870.0,33.0,11.0164029722489,6.0,3.1,1.9,0.8,13.042054335690361,0.5972491724688962,0.1639938363200548,N08,Private Education and Health Services
2024-11-01,16823.0,25.6,7.057827427589344,5.7,5.6,3.5,2.0,21.439695654758367,0.7140678717977155,0.21514916269269158,N09,Leisure and Hospitality
2024-11-01,5968.0,32.1,10.191831370368497,4.7,3.8,2.5,0.9,68.62265415549598,0.16303657762367535,0.09640083996679201,N10,Other Services
2024-12-01,622.0,44.3,12.550219770531857,3.3,3.4,1.4,2.0,8.102893890675242,0.1884920634920635,0.12896825396825398,N01,Mining and Logging
2024-12-01,8276.0,38.8,12.260550874674122,1.6,3.6,1.3,1.9,55.541324311261484,0.4993038332680677,0.11175651568550668,N02,Construction
2024-12-01,12693.0,40.1,10.881475044394909,3.1,2.4,1.5,0.9,6.402741668636256,0.3675402977728559,0.12415405438661252,N03,Manufacturing
2024-12-01,28811.0,34.0,9.543330688530371,3.4,3.7,2.1,1.3,42.96657526639131,0.24918612823226244,0.07752582982607782,N04,"Trade, Transportation, and Utilities"
2024-12-01,2895.0,37.0,16.14589236911374,3.5,2.7,1.2,0.7,31.962003454231432,0.20079974062466227,0.08970063763103858,N05,Information
2024-12-01,9179.0,37.7,14.631427815770582,4.1,2.3,1.3,0.6,48.427933326070374,0.1934671105911995,0.0593224151894178,N06,Financial Activities
2024-12-01,22532.0,36.3,13.636478129998364,5.4,4.4,2.6,1.6,43.4244629859755,0.23416867666898328,0.10013899677036917,N07,Professional and Business Services
2024-12-01,26945.0,32.9,11.023160917368799,5.5,3.1,1.9,0.7,13.87789942475413,0.5944536556666845,0.15919666256618709,N08,Private Education and Health Services
2024-12-01,16862.0,25.5,7.059105049054799,6.8,5.3,3.4,1.7,22.82765982682956,0.7027434272056531,0.20923828327964253,N09,Leisure and Hospitality
2024-12-01,5972.0,32.0,10.188788554300324,4.2,3.9,2.7,0.8,71.92565304755526,0.16557247287796248,0.09975788052335056,N10,Other Services
2025-01-01,622.0,44.1,12.575205119121147,2.7,3.1,1.8,0.9,6.559485530546624,0.19117647058823528,0.09558823529411764,N01,Mining and Logging
2025-01-01,8264.0,38.8,12.249146447371308,2.7,4.0,2.0,2.0,48.0082284607938,0.5218783082119272,0.11198769975298685,N02,Construction
2025-01-01,12673.0,40.0,10.888478528722946,3.4,2.5,1.5,1.0,5.794997238222994,0.3769063180827887,0.12622549019607843,N03,Manufacturing
2025-01-01,28795.0,33.8,9.54035132821881,3.6,3.6,2.2,1.2,34.749088383399894,0.25712572456526084,0.08291025384769138,N04,"Trade, Transportation, and Utilities"
2025-01-01,2877.0,37.0,16.164985687905418,3.4,2.2,1.4,1.0,26.39555092109837,0.2022649460100079,0.09468001053463261,N05,Information
2025-01-01,9187.0,37.6,14.619342176629747,5.2,2.3,1.4,0.4,39.24240775008164,0.2066182181293687,0.06196604904027516,N06,Financial Activities
2025-01-01,22480.0,36.2,13.612949545555727,5.3,4.3,2.4,2.0,36.213523131672595,0.24102053852201258,0.09750884433962265,N07,Professional and Business Services
2025-01-01,27006.0,32.8,11.020156069237304,5.7,3.0,2.0,0.7,11.425609123898393,0.6205924293492352,0.16914052372310084,N08,Private Education and Health Services
2025-01-01,16832.0,25.2,7.054153956126297,5.7,5.1,3.5,1.5,19.37143536121673,0.7072317978286204,0.20910261914984973,N09,Leisure and Hospitality
2025-01-01,5975.0,32.0,10.217550108006936,4.7,4.1,3.2,1.1,58.9255230125523,0.17220518064076346,0.1032151783685526,N10,Other Services
2025-02-01,622.0,43.9,12.546961170424082,3.0,3.2,1.9,1.0,7.765273311897106,0.2277432712215321,0.13664596273291926,N01,Mining and Logging
2025-02-01,8267.0,38.7,12.243531792829684,3.0,4.2,2.1,1.8,51.55437280754808,0.5167996245893947,0.11126231816048804,N02,Construction
2025-02-01,12671.0,40.1,10.910945041745002,3.1,2.4,1.4,0.9,6.282850603740826,0.3544780806431353,0.12297450069086799,N03,Manufacturing
2025-02-01,28806.0,34.0,9.540820635700188,3.4,3.7,2.3,1.4,39.21162257862945,0.24309225961240516,0.0774835551069914,N04,"Trade, Transportation, and Utilities"
2025-02-01,2876.0,37.1,16.188113701556876,4.2,2.6,1.2,1.5,30.076495132127956,0.19433526011560692,0.0930635838150289,N05,Information
2025-02-01,9199.0,37.7,14.645941710278123,4.5,2.3,1.3,0.6,45.08750951190347,0.21019384704407368,0.06425402642492044,N06,Financial Activities
2025-02-01,22473.0,36.3,13.62304061261453,5.2,4.6,2.3,2.1,40.63409424642905,0.23081134947490609,0.09721081507276849,N07,Professional and Business Services
2025-02-01,27064.0,32.7,11.026686144538742,5.7,3.0,1.8,0.7,12.52364765001478,0.602112468283472,0.16734525284711158,N08,Private Education and Health Services
2025-02-01,16796.0,25.5,7.063335408331482,5.6,4.9,3.6,1.7,21.95046439628483,0.7069274167299555,0.19908864055549527,N09,Leisure and Hospitality
2025-02-01,5977.0,31.9,10.213370287069216,4.5,3.9,2.6,1.2,67.92538062573198,0.1652996379221163,0.09751471711125889,N10,Other Services
2025-03-01,620.0,44.3,12.549056397266915,1.9,2.9,2.5,1.2,7.629032258064516,0.21775898520084566,0.1416490486257928,N01,Mining and Logging
2025-03-01,8273.0,39.3,12.26449020435605,3.3,3.6,2.0,2.0,51.71159192554092,0.5288796428320983,0.10841261307589818,N02,Construction
2025-03-01,12666.0,40.3,11.023031099019654,3.0,2.4,1.5,0.8,6.270330017369336,0.36237723495341223,0.12263913371946612,N03,Manufacturing
2025-03-01,28792.0,33.9,9.590818831402348,3.2,3.6,2.5,1.2,46.62232564601278,0.20972920624278318,0.06535553320668976,N04,"Trade, Transportation, and Utilities"
2025-03-01,2867.0,37.3,16.20776459183514,3.9,2.7,1.4,1.3,29.986048133937913,0.20146562754449227,0.094335233220891,N05,Information
2025-03-01,9201.0,37.7,14.731772909923855,4.3,2.6,1.5,0.6,44.658189327247044,0.2111706011194938,0.06308104161596495,N06,Financial Activities
2025-03-01,22457.0,36.4,13.656050158700376,5.1,4.7,2.9,1.7,43.104599902035005,0.2256404958677686,0.09241735537190082,N07,Professional and Business Services
2025-03-01,27132.0,32.6,11.05117500820864,5.1,3.0,2.0,0.6,12.606884859206842,0.6047946206694927,0.1622862154655752,N08,Private Education and Health Services
2025-03-01,16823.0,25.3,7.107900620729553,5.3,5.3,3.9,1.2,21.40165249955418,0.7063104099544495,0.20108876791467614,N09,Leisure and Hospitality
2025-03-01,5987.0,32.1,10.20685773253905,5.5,4.1,2.7,1.1,70.37414397862034,0.1643842119004106,0.09458144447345311,N10,Other Services
2025-04-01,622.0,45.0,12.453871658622175,3.6,3.9,2.0,1.1,6.864951768488746,0.20843091334894615,0.13817330210772832,N01,Mining and Logging
2025-04-01,8271.0,39.0,12.279036659152922,2.4,4.2,1.9,2.1,51.44118002659896,0.5295320469128258,0.10910287446823513,N02,Construction
2025-04-01,12662.0,40.1,10.967774163133543,2.9,2.5,1.4,0.9,6.022745221923866,0.3840807762916339,0.12050878573301863,N03,Manufacturing
2025-04-01,28783.0,34.1,9.597192649437094,3.4,3.3,2.0,1.1,46.19532362853073,0.21346379471135044,0.06343822388014801,N04,"Trade, Transportation, and Utilities"
2025-04-01,2865.0,37.3,16.237800575706675,4.5,2.9,1.1,1.4,30.171029668411865,0.19423877834335956,0.09185562239703841,N05,Information
2025-04-01,9205.0,37.6,14.732970758846337,4.4,2.3,1.4,0.9,43.671917436175995,0.21519900497512437,0.06497512437810946,N06,Financial Activities
2025-04-01,22470.0,36.5,13.662106387097175,5.6,4.9,2.3,2.1,42.53360035603026,0.23272263086855074,0.09575926255323156,N07,Professional and Business Services
2025-04-01,27216.0,32.8,11.030215234372559,5.8,3.1,2.0,0.8,12.682613168724279,0.6157545557261639,0.16035576672364343,N08,Private Education and Health Services
2025-04-01,16836.0,25.6,7.083939532066612,4.7,5.6,4.0,1.5,21.961867426942266,0.7007978363759296,0.20275862068965517,N09,Leisure and Hospitality
2025-04-01,5987.0,31.9,10.215359254703372,4.1,3.7,2.5,1.1,68.6053115082679,0.1611238252909383,0.0943175731606369,N10,Other Services
2025-05-01,618.0,44.9,12.538207223504461,3.1,2.9,2.1,1.0,7.15210355987055,0.22171945701357465,0.13574660633484162,N01,Mining and Logging
2025-05-01,8269.0,39.0,12.310523360988086,2.6,4.2,1.9,2.2,50.62522675051397,0.5121589986144952,0.10952653958243753,N02,Construction
2025-05-01,12651.0,40.1,11.01303724034683,3.1,2.2,1.2,0.9,5.10473480357284,0.4281511303809229,0.11628987302570455,N03,Manufacturing
2025-05-01,28765.0,34.0,9.612625538020087,3.1,3.4,2.3,1.1,44.03059273422562,0.22401187487169769,0.06552497354998658,N04,"Trade, Transportation, and Utilities"
2025-05-01,2864.0,37.1,16.31838313268043,3.7,2.7,1.3,1.2,31.18016759776536,0.1832026875699888,0.07737961926091826,N05,Information
2025-05-01,9211.0,37.6,14.799451063564344,5.1,2.4,1.5,0.6,43.564216697426986,0.21382111795050715,0.06466967378573031,N06,Financial Activities
2025-05-01,22450.0,36.5,13.723410891397917,5.2,4.6,2.4,1.8,43.937639198218264,0.2257704785077048,0.0931265206812652,N07,Professional and Business Services
2025-05-01,27276.0,32.7,11.072297423741501,6.1,2.8,1.9,0.6,12.835826367502568,0.6148067750135672,0.15866441975379167,N08,Private Education and Health Services
2025-05-01,16839.0,25.6,7.073794523111471,6.0,6.4,4.5,1.4,22.396816913118357,0.7011719785755953,0.1956833006310654,N09,Leisure and Hospitality
2025-05-01,5994.0,31.9,10.248892770257626,4.6,3.2,2.2,0.9,62.06873540206874,0.15923019030211805,0.0958499086119772,N10,Other Services
2025-06-01,616.0,44.3,12.512638636116167,3.9,3.4,2.1,1.4,7.353896103896104,0.2097130242825607,0.1434878587196468,N01,Mining and Logging
2025-06-01,8267.0,38.9,12.332197800488434,2.6,4.2,1.8,2.3,50.91447925486875,0.508849872894443,0.10489178209118338,N02,Construction
2025-06-01,12636.0,40.1,11.00377992440151,3.0,2.3,1.4,0.8,5.009496676163343,0.4102685624012638,0.11469194312796209,N03,Manufacturing
2025-06-01,28741.0,34.0,9.600696874951389,3.5,3.6,2.3,1.1,46.115653595908285,0.21170807523709645,0.06126406168657246,N04,"Trade, Transportation, and Utilities"
2025-06-01,2863.0,36.9,16.345450868760402,4.1,2.9,1.5,1.4,31.39364303178484,0.18202047174009792,0.08477970627503338,N05,Information
2025-06-01,9204.0,37.7,14.765038032572683,3.7,2.2,1.2,0.6,44.12646675358539,0.21241443837100507,0.06463288521199587,N06,Financial Activities
2025-06-01,22419.0,36.4,13.753947143279358,5.6,4.6,1.9,2.6,44.330701637004324,0.22684509734869446,0.09249886803843638,N07,Professional and Business Services
2025-06-01,27325.0,32.7,11.041112511083112,5.5,2.9,1.9,0.7,13.23989021043001,0.6133561833158273,0.1571673392669578,N08,Private Education and Health Services
2025-06-01,16837.0,25.5,7.074525176163143,5.6,6.1,5.0,1.4,22.821167666448893,0.6923797626483448,0.1909743910056215,N09,Leisure and Hospitality
2025-06-01,5984.0,31.9,10.263350288549786,3.8,2.5,2.0,0.8,63.043114973262036,0.1534261100066269,0.08816434724983432,N10,Other Services
2025-07-01,610.0,45.1,12.518274570179006,1.9,2.7,2.3,1.0,8.311475409836065,0.20118343195266272,0.1242603550295858,N01,Mining and Logging
2025-07-01,8261.0,39.0,12.332036912303792,3.6,4.0,1.2,2.4,51.8847597143203,0.5004432830945826,0.10041528626755634,N02,Construction
2025-07-01,12625.0,40.2,11.022165385248114,3.3,2.3,1.4,0.9,5.318811881188119,0.3913626209977662,0.1075204765450484,N03,Manufacturing
2025-07-01,28744.0,34.1,9.622278990219419,3.7,3.5,2.1,1.3,47.654467019204006,0.2067923316152959,0.06195155426418841,N04,"Trade, Transportation, and Utilities"
2025-07-01,2861.0,37.1,16.336146556620907,5.2,2.4,1.3,1.4,33.484795526039846,0.17453027139874738,0.08340292275574113,N05,Information
2025-07-01,9204.0,37.6,14.765542308539928,4.1,2.3,1.4,0.7,46.477618426770974,0.19905091402122588,0.05881527888166815,N06,Financial Activities
2025-07-01,22403.0,36.4,13.781586682765878,5.2,4.7,2.6,1.9,45.50908360487434,0.22333601428095023,0.09023677344684858,N07,Professional and Business Services
2025-07-01,27412.0,32.7,11.043893112000223,5.0,2.9,1.8,0.7,13.615934627170583,0.593237595113064,0.14797449362340584,N08,Private Education and Health Services
2025-07-01,16848.0,25.5,7.080134960222741,5.4,5.6,4.3,1.4,23.59508547008547,0.691394360174075,0.18396095892133926,N09,Leisure and Hospitality
2025-07-01,5989.0,32.0,10.267902870853495,4.3,3.2,1.7,1.1,66.6521956921022,0.15075905606493312,0.09243950097700286,N10,Other Services
2025-08-01,607.0,45.4,12.508854252051558,3.4,3.4,2.1,1.5,7.677100494233937,0.21244635193133046,0.13090128755364808,N01,Mining and Logging
2025-08-01,8239.0,38.9,12.366567581528715,2.5,4.1,1.8,2.2,53.81842456608812,0.5031009675018606,0.09375070476534134,N02,Construction
2025-08-01,12615.0,40.0,11.00556464609284,3.2,2.4,1.3,1.0,5.1082045184304405,0.3581626319056487,0.10366232153941651,N03,Manufacturing
2025-08-01,28743.0,34.1,9.619816202739948,3.8,3.3,2.1,1.1,48.422572452423196,0.19693780041816053,0.05383637134378974,N04,"Trade, Transportation, and Utilities"
2025-08-01,2860.0,37.3,16.32275565976164,4.7,2.4,1.2,1.2,33.21328671328671,0.1725444783661438,0.07411306453310874,N05,Information
2025-08-01,9185.0,37.5,14.769975037968889,3.5,2.1,1.3,0.7,46.36363636363637,0.1858635669836797,0.058095573558764824,N06,Financial Activities
2025-08-01,22375.0,36.5,13.801807040715639,4.7,4.6,2.5,2.2,45.63798882681564,0.21694168339617098,0.08324927777505753,N07,Professional and Business Services
2025-08-01,27435.0,32.7,11.058148850416497,5.2,2.9,2.1,0.7,13.670858392564242,0.5848130965712153,0.135258358662614,N08,Private Education and Health Services
2025-08-01,16870.0,25.5,7.089588018225067,5.9,5.6,3.5,1.8,23.609365737996445,0.7033568505360416,0.16769188279896557,N09,Leisure and Hospitality
2025-08-01,6008.0,31.9,10.281758539520123,4.4,3.2,2.0,0.9,66.85252996005326,0.14310967260052285,0.08121498817378314,N10,Other Services
2025-09-01,605.0,45.4,12.435041403876697,3.5,2.9,1.9,1.1,8.826446280991735,0.24719101123595505,0.11797752808988764,N01,Mining and Logging
2025-09-01,8255.0,39.0,12.339434686733796,2.4,4.1,1.5,2.3,52.84675953967293,0.5218796561604585,0.08809169054441261,N02,Construction
2025-09-01,12612.0,40.0,11.010192909682495,3.0,2.4,1.4,0.9,4.974627339042182,0.3579853363085751,0.09834236531718202,N03,Manufacturing
2025-09-01,28725.0,34.0,9.61926937963577,3.5,3.3,2.0,1.1,59.40017406440383,0.1599219349809819,0.0389621806630838,N04,"Trade, Transportation, and Utilities"
2025-09-01,2859.0,37.6,16.364169069684962,4.0,2.5,0.8,1.3,32.448408534452604,0.1761345262477094,0.07092810175703353,N05,Information
2025-09-01,9189.0,37.6,14.782032105352434,4.1,2.3,1.4,0.6,46.870170856458806,0.1628085165664399,0.05156841347605006,N06,Financial Activities
2025-09-01,22359.0,36.5,13.798208145075483,5.4,4.5,2.4,2.0,46.00787155060602,0.219502474020356,0.0756107282077205,N07,Professional and Business Services
2025-09-01,27489.0,32.7,11.007108822032722,5.3,3.3,2.1,0.8,13.884099094183128,0.5970497301262904,0.12634281821516533,N08,Private Education and Health Services
2025-09-01,16907.0,25.5,7.093401594473314,6.4,5.5,3.0,1.7,23.76885313775359,0.7001692131588115,0.1595829393321057,N09,Leisure and Hospitality
2025-09-01,6005.0,32.0,10.285432311986307,4.1,3.0,1.7,1.0,65.76852622814322,0.14166708867169697,0.07915126348306072,N10,Other Services
2025-10-01,606.0,45.2,,3.1,3.0,2.0,0.7,7.409240924092409,0.19376391982182628,0.11581291759465479,N01,Mining and Logging
2025-10-01,8243.0,38.9,,2.3,3.6,1.6,2.0,52.72473613975494,0.515657716113297,0.08524884379098502,N02,Construction
2025-10-01,12603.0,40.0,,3.3,2.4,1.3,1.0,5.062286757121321,0.3547021943573668,0.10438871473354232,N03,Manufacturing
2025-10-01,28714.0,34.1,,4.2,3.5,2.2,1.1,54.01406979173922,0.17393098468045598,0.04209650796925775,N04,"Trade, Transportation, and Utilities"
2025-10-01,2853.0,37.3,,3.9,2.5,1.2,1.3,32.81107606028742,0.1726311291528683,0.0674073282768935,N05,Information
2025-10-01,9184.0,37.5,,3.2,2.1,1.2,0.6,47.26698606271776,0.1575213084542732,0.04994240958304538,N06,Financial Activities
2025-10-01,22335.0,36.6,,5.4,4.4,2.4,2.1,46.415043653458696,0.21354709264189528,0.0759154223096809,N07,Professional and Business Services
2025-10-01,27533.0,32.7,,5.1,3.0,1.9,0.9,13.981040932698942,0.5848443913337144,0.12612355172234635,N08,Private Education and Health Services
2025-10-01,16948.0,25.6,,6.0,5.6,3.1,1.8,23.799268350247814,0.6915086153464732,0.16070410313623404,N09,Leisure and Hospitality
2025-10-01,5999.0,32.0,,3.8,3.4,2.1,1.0,67.30788464744124,0.1391599385804151,0.07608103422655901,N10,Other Services
2025-11-01,605.0,45.1,12.520649843261152,2.9,2.8,2.3,0.7,8.479338842975206,0.20272904483430798,0.14814814814814814,N01,Mining and Logging
2025-11-01,8279.0,39.2,12.388367793320064,3.4,4.0,1.6,1.9,55.03321657204977,0.502260655809666,0.08351257626969844,N02,Construction
2025-11-01,12593.0,40.1,11.071699947394814,3.0,2.2,1.5,0.8,5.26006511554038,0.35144927536231885,0.09692028985507246,N03,Manufacturing
2025-11-01,28649.0,34.0,9.684276586384794,3.7,3.2,2.2,1.0,59.986386959405216,0.15912833493351955,0.039364580605743216,N04,"Trade, Transportation, and Utilities"
2025-11-01,2848.0,37.4,16.44604276709438,3.0,2.7,1.5,1.2,35.761938202247194,0.15228276877761412,0.06018654884634266,N05,Information
2025-11-01,9185.0,37.5,14.889421435229478,3.7,1.9,1.1,0.6,49.79858464888405,0.1579580236117184,0.050218627022299955,N06,Financial Activities
2025-11-01,22391.0,36.6,13.81885972872951,5.5,4.4,2.1,2.2,49.876289580635074,0.2055373484482172,0.07409695732373431,N07,Professional and Business Services
2025-11-01,27589.0,32.7,11.11169219505142,5.1,2.8,1.8,0.7,14.790314980608212,0.565911040313687,0.12373483641710575,N08,Private Education and Health Services
2025-11-01,16936.0,25.6,7.127849063104691,4.9,5.8,4.3,1.3,24.886632026452528,0.6844927398690329,0.15908228148429343,N09,Leisure and Hospitality
2025-11-01,6015.0,32.1,10.327228875633338,4.1,3.5,2.2,0.8,71.66084788029926,0.12908314773570898,0.07261507052709726,N10,Other Services
2025-12-01,604.0,45.2,12.477341111734773,3.4,3.3,2.7,1.0,7.417218543046358,0.171875,0.11607142857142858,N01,Mining and Logging
2025-12-01,8272.0,38.9,12.403728479807134,2.9,3.9,1.8,1.9,50.54037717601547,0.4975960963475016,0.08747338962374722,N02,Construction
2025-12-01,12580.0,40.0,11.066432333121696,3.3,2.2,1.4,0.8,5.129570747217807,0.32372539903920655,0.09700914303424764,N03,Manufacturing
2025-12-01,28616.0,34.0,9.680061098484499,3.3,3.5,2.6,1.1,49.004752585965896,0.1867975925608991,0.04638028410063324,N04,"Trade, Transportation, and Utilities"
2025-12-01,2842.0,37.2,16.532170253748877,3.8,3.1,1.6,1.5,36.0661505981703,0.14839024390243902,0.05814634146341464,N05,Information
2025-12-01,9186.0,37.5,14.836012526416198,2.5,2.3,1.3,0.6,46.82887001959504,0.15605458307180883,0.051398284399191016,N06,Financial Activities
2025-12-01,22372.0,36.5,13.790099714444331,5.0,4.2,1.9,1.9,51.22876810298587,0.19085761153138062,0.06997705241298677,N07,Professional and Business Services
2025-12-01,27627.0,32.6,11.026558824160894,4.9,3.0,1.9,0.7,14.108661816339087,0.5662168402688696,0.12601980604443533,N08,Private Education and Health Services
2025-12-01,16961.0,25.6,7.131223717990006,5.3,6.2,4.4,1.4,23.713814043983255,0.673006638323264,0.1599164615499366,N09,Leisure and Hospitality
2025-12-01,6023.0,32.1,10.33644039983928,4.3,3.2,2.1,0.9,67.09945210028225,0.12735685653486414,0.0738605433760578,N10,Other Services
2026-01-01,602.0,45.8,12.4713706566071,4.6,2.4,2.1,0.7,8.388704318936878,0.20594059405940593,0.11683168316831684,N01,Mining and Logging
2026-01-01,8317.0,39.5,12.41013141940304,2.7,4.4,1.6,1.9,55.76890705783335,0.5112864627126318,0.08457840156954056,N02,Construction
2026-01-01,12582.0,40.2,11.08430193393511,3.9,2.3,1.3,0.9,5.67238912732475,0.3626173462239036,0.08883284293120358,N03,Manufacturing
2026-01-01,28654.0,34.0,9.703357134983525,3.9,3.5,2.3,1.0,54.88064493613457,0.1774061238116435,0.043521668627388634,N04,"Trade, Transportation, and Utilities"
2026-01-01,2815.0,37.5,16.51928423579556,3.4,3.2,1.4,1.8,37.93960923623446,0.149063670411985,0.05777153558052434,N05,Information
2026-01-01,9147.0,37.4,14.884196602447119,4.5,1.7,1.1,0.6,49.741991909915825,0.15719026791797622,0.05110002417635552,N06,Financial Activities
2026-01-01,22408.0,36.7,13.78801425649442,5.1,4.5,2.2,1.8,51.173241699393074,0.20730973497632316,0.07328048557151454,N07,Professional and Business Services
2026-01-01,27746.0,32.7,11.06286820091369,5.0,2.9,1.7,0.7,14.585525841562747,0.5897353529862364,0.1327188712347723,N08,Private Education and Health Services
2026-01-01,16966.0,25.5,7.1343711342731515,6.2,6.4,4.4,1.6,24.804314511375694,0.6815103485968206,0.1614191003493097,N09,Leisure and Hospitality
2026-01-01,6026.0,32.2,10.337183240045562,4.2,3.3,2.3,0.9,69.5552605376701,0.13250942405878705,0.0754163286729971,N10,Other Services
2026-02-01,601.0,45.7,12.435106577902646,2.7,3.2,2.1,0.6,9.101497504159733,0.17915904936014626,0.10786106032906764,N01,Mining and Logging
2026-02-01,8296.0,39.6,12.428998961705249,2.4,3.5,1.6,1.8,57.67960462873674,0.5040855990470419,0.08967419698647885,N02,Construction
2026-02-01,12583.0,40.2,11.112807671165944,3.4,2.2,1.3,0.8,5.7323372804577595,0.3586579786496603,0.09801746845972549,N03,Manufacturing
2026-02-01,28618.0,34.1,9.689733097172175,3.8,3.4,2.5,1.2,42.41561255154099,0.22595872636651976,0.055113893808954977,N04,"Trade, Transportation, and Utilities"
2026-02-01,2792.0,37.4,16.609662248824286,2.8,2.5,1.5,1.9,39.84957020057307,0.14263886392234407,0.05644436455150099,N05,Information
2026-02-01,9149.0,37.4,14.878153056861906,4.1,2.0,1.1,0.5,50.366160236091375,0.1484375,0.04997829861111111,N06,Financial Activities
2026-02-01,22412.0,36.6,13.80932022231723,5.5,4.0,2.0,1.9,52.69543101909691,0.19276720772897774,0.06818739892126231,N07,Professional and Business Services
2026-02-01,27697.0,32.6,11.05783912538936,4.7,2.6,1.7,0.7,14.356067444127522,0.5783914290025652,0.1254212564760324,N08,Private Education and Health Services
2026-02-01,16935.0,25.5,7.145910950955842,5.3,5.4,3.8,1.7,25.414230882787127,0.6866562884825391,0.15397662585097238,N09,Leisure and Hospitality
2026-02-01,6032.0,32.2,10.343248030293777,5.0,3.5,2.4,0.8,70.29011936339523,0.12231420552371518,0.06792613033326257,N10,Other Services
2026-03-01,604.0,45.7,12.44955236714069,3.3,3.4,2.1,0.9,8.625827814569536,0.20153550863723607,0.1036468330134357,N01,Mining and Logging
2026-03-01,8311.0,39.2,12.389000069635141,2.7,3.7,1.7,1.8,55.39766574419444,0.5093286418626876,0.08173150018461806,N02,Construction
2026-03-01,12598.0,40.3,11.059877139388362,3.4,2.4,1.3,0.7,5.53976821717733,0.3411663562114916,0.08711849835219945,N03,Manufacturing
2026-03-01,28650.0,34.1,9.633870533132702,3.9,4.2,2.5,1.3,42.06003490401396,0.22454399097110422,0.05237257472905014,N04,"Trade, Transportation, and Utilities"
2026-03-01,2793.0,37.5,16.54288767851574,2.9,3.2,1.1,2.2,41.27461510920157,0.13514920194309507,0.05317487855655795,N05,Information
2026-03-01,9132.0,37.4,14.802009125231233,5.2,2.2,1.5,0.5,49.47437582128778,0.15037627268702966,0.049269588313413014,N06,Financial Activities
2026-03-01,22440.0,36.6,13.70904015525609,4.5,4.7,2.0,2.5,53.31149732620321,0.19255042589295418,0.06748250871429647,N07,Professional and Business Services
2026-03-01,27792.0,32.4,10.953910618753651,5.1,2.9,1.9,0.7,14.82261082325849,0.5796820002427479,0.1195776186430392,N08,Private Education and Health Services
2026-03-01,16979.0,25.3,7.10581211227607,4.9,5.9,3.8,1.6,24.618057600565404,0.6814277853537166,0.15146295365917845,N09,Leisure and Hospitality
2026-03-01,6018.0,32.2,10.197006899934301,4.7,3.9,2.4,1.1,70.75108009305417,0.12405467612381982,0.06766405185776692,N10,Other Services
2026-04-01,608.0,45.6,12.436561203584763,4.2,3.8,1.9,0.8,9.0625,0.20508166969147004,0.1161524500907441,N01,Mining and Logging
2026-04-01,8314.0,39.3,12.337285315892867,3.1,3.8,1.7,1.5,56.38200625451047,0.5081064937281338,0.07844099325881047,N02,Construction
2026-04-01,12597.0,40.4,11.02263189403352,3.8,2.3,1.3,0.8,5.7418432960228625,0.32780312456795246,0.08322964191898244,N03,Manufacturing
2026-04-01,28715.0,34.1,9.581627342384486,4.0,3.9,2.4,1.0,44.43461605432701,0.22156214242049,0.04821543332758594,N04,"Trade, Transportation, and Utilities"
2026-04-01,2787.0,37.3,16.524922760351014,2.9,2.8,0.9,2.0,43.47685683530678,0.1308079557646282,0.049352149872080545,N05,Information
2026-04-01,9126.0,37.4,14.746981862596156,4.2,2.0,1.2,0.6,49.513477975016436,0.14637277032709245,0.04649670251847918,N06,Financial Activities
2026-04-01,22460.0,36.7,13.660963818451478,6.2,4.3,1.9,2.0,54.45681211041852,0.1876870247731175,0.06428746627422124,N07,Professional and Business Services
2026-04-01,27859.0,32.6,10.89928912447692,5.6,2.6,1.8,0.7,14.962848630604114,0.5800887609451841,0.11891567710207508,N08,Private Education and Health Services
2026-04-01,16972.0,25.6,7.075663268222391,4.7,5.7,3.7,1.7,25.131982088145183,0.6846485675434895,0.14523843015895344,N09,Leisure and Hospitality
2026-04-01,6029.0,32.2,10.156224146904247,5.4,3.5,2.0,0.9,71.43970807762481,0.11938427248032318,0.0641963269949618,N10,Other Services
2026-05-01,611.0,45.7,12.47084397522,4.5,3.6,2.1,0.7,8.494271685761047,0.15028901734104047,0.09826589595375723,N01,Mining and Logging
2026-05-01,8320.0,39.3,12.33610496468341,3.5,3.5,1.3,2.1,58.32091346153846,0.4930033180141376,0.07373822723244647,N02,Construction
2026-05-01,12595.0,40.4,10.985720659083356,4.0,2.3,1.4,0.6,5.715760222310441,0.31532157244061676,0.08306709265175719,N03,Manufacturing
2026-05-01,28732.0,34.2,9.542516146224763,4.1,3.7,2.4,1.2,48.23089238479744,0.20109397663392914,0.044733252992920906,N04,"Trade, Transportation, and Utilities"
2026-05-01,2783.0,37.5,16.49205488967869,2.6,2.9,1.1,1.8,44.60653970535393,0.1266312228129531,0.04639922667955534,N05,Information
2026-05-01,9104.0,37.4,14.746436153171308,4.0,1.9,1.2,0.5,50.10434973637962,0.14488655047681684,0.047878987175271295,N06,Financial Activities
2026-05-01,22471.0,36.8,13.647564667239557,6.2,4.3,2.0,1.8,55.7416225357127,0.18345481689646087,0.0627270332197003,N07,Professional and Business Services
2026-05-01,27904.0,32.6,10.859964249249206,5.2,2.6,1.7,0.9,15.04981364678899,0.5665198237885463,0.11275151803786165,N08,Private Education and Health Services
2026-05-01,17012.0,25.6,7.060324152117349,5.2,5.8,4.0,1.4,25.493769104161768,0.6847590500345861,0.1445238644224118,N09,Leisure and Hospitality
2026-05-01,6032.0,32.1,10.159321394458933,4.6,3.3,2.5,0.9,72.77354111405836,0.11558876460805978,0.06383124131489623,N10,Other Services
2026-06-01,607.0,45.4,,,,,,9.12685337726524,0.18953068592057762,0.13357400722021662,N01,Mining and Logging
2026-06-01,8331.0,39.3,,,,,,58.736046092906015,0.49645433551999674,0.07540923303292257,N02,Construction
2026-06-01,12598.0,40.3,,,,,,5.892998888712494,0.32098599137931033,0.07623922413793104,N03,Manufacturing
2026-06-01,28728.0,34.0,,,,,,49.178153717627396,0.20182758937987952,0.04534998124278909,N04,"Trade, Transportation, and Utilities"
2026-06-01,2774.0,37.2,,,,,,46.86012977649604,0.1317793676436649,0.04654204169551504,N05,Information
2026-06-01,9104.0,37.4,,,,,,50.61181898066784,0.15250558847147166,0.04522863901729713,N06,Financial Activities
2026-06-01,22507.0,36.6,,,,,,56.16741458213,0.18545911909884824,0.06085463865333502,N07,Professional and Business Services
2026-06-01,27973.0,32.6,,,,,,14.936188467450755,0.5649697230798688,0.11474115028362174,N08,Private Education and Health Services
2026-06-01,16951.0,25.5,,,,,,25.945961890153974,0.6918896796343875,0.14103817557581683,N09,Leisure and Hospitality
2026-06-01,6040.0,32.1,,,,,,73.36754966887418,0.11599043191767838,0.06352394277203592,N10,Other Services
